,Tm,Playoff_Result,Year,Games_Played,W,L,PF,PA,PD,MoV,SoS,T_O_Yds,O_Ply,O_Y/P,O_TO,O_FL,O_1stD,O_Cmp,OP_Att,OP_Yds,OP_TD,O_Int,O_NY/A,OR_Att,OR_Yds,OR_TD,O_Y/A,OPen,OPen_Yds,OPen_FD,O_Sc%,O_TO%,O_EXP,O_3DAtt,O_3DConv,O_3D%,O_4DAtt,O_4DConv,O_4D%,O_RZAtt,O_RZTD,O_RZPct,T_D_Yds,D_Ply,D_Y/P,D_TO,D_FL,D_1stD,D_Cmp,DP_Att,DP_Yds,DP_TD,D_Int,D_NY/A,DR_Att,DR_Yds,DR_TD,D_Y/A,DPen,DPen_Yds,DPen_FD,D_Sc%,D_TO%,D_EXP,D_3DAtt,D_3DConv,D_3D%,D_4DAtt,D_4DConv,D_4D%,D_RZAtt,D_RZTD,D_RZPct
0,Green Bay Packers,5,2010,16.0,10,6,388,240,148,9.3,1.7,5730.0,1000.0,5.7,22.0,9.0,312.0,352.0,541.0,4124.0,31.0,13.0,7.1,421.0,1606.0,11.0,3.8,78.0,617.0,20.0,0.35,0.109,-45.71,205.0,85.0,0.415,13.0,5.0,0.385,53.0,32.0,0.604,4945.0,969.0,5.1,32.0,8.0,270.0,296.0,527.0,3107.0,16.0,24.0,5.4,395.0,1838.0,6.0,4.7,98.0,758.0,25.0,0.253,0.165,199.39,213.0,77.0,0.362,20.0,6.0,0.3,31.0,15.0,0.484
1,Pittsburgh Steelers,4,2010,16.0,12,4,375,232,143,8.9,1.3,5525.0,993.0,5.6,18.0,9.0,295.0,298.0,479.0,3601.0,22.0,9.0,6.9,471.0,1924.0,15.0,4.1,100.0,903.0,14.0,0.369,0.095,-133.72,218.0,94.0,0.431,5.0,2.0,0.4,50.0,24.0,0.48,4429.0,974.0,4.5,35.0,14.0,272.0,363.0,593.0,3425.0,15.0,21.0,5.3,333.0,1004.0,5.0,3.0,86.0,716.0,29.0,0.257,0.173,216.3,209.0,70.0,0.335,16.0,10.0,0.625,40.0,16.0,0.4
2,Chicago Bears,3,2010,16.0,11,5,334,286,48,3.0,1.1,4631.0,936.0,4.9,31.0,10.0,263.0,276.0,466.0,3015.0,23.0,21.0,5.8,414.0,1616.0,10.0,3.9,91.0,768.0,24.0,0.293,0.157,-227.26,195.0,64.0,0.3279999999999999,7.0,2.0,0.286,51.0,23.0,0.451,5029.0,1002.0,5.0,35.0,14.0,282.0,363.0,582.0,3588.0,14.0,21.0,5.8,386.0,1441.0,14.0,3.7,93.0,790.0,11.0,0.25,0.179,168.17,216.0,75.0,0.347,13.0,6.0,0.462,42.0,20.0,0.476
3,New York Jets,3,2010,16.0,11,5,367,304,63,3.9,2.5,5616.0,1087.0,5.2,21.0,7.0,307.0,288.0,525.0,3242.0,20.0,14.0,5.9,534.0,2374.0,14.0,4.4,103.0,934.0,18.0,0.322,0.106,-122.93,235.0,93.0,0.396,14.0,5.0,0.357,50.0,20.0,0.4,4664.0,979.0,4.8,30.0,18.0,272.0,269.0,531.0,3210.0,24.0,12.0,5.6,408.0,1454.0,11.0,3.6,74.0,679.0,33.0,0.264,0.139,182.51,219.0,81.0,0.37,6.0,4.0,0.667,43.0,26.0,0.605
4,New England Patriots,2,2010,16.0,14,2,518,313,205,12.8,2.6,5820.0,986.0,5.9,10.0,5.0,335.0,331.0,507.0,3847.0,37.0,5.0,7.2,454.0,1973.0,19.0,4.3,83.0,766.0,20.0,0.47,0.054,73.64,197.0,95.0,0.482,14.0,7.0,0.5,67.0,42.0,0.627,5864.0,1056.0,5.6,38.0,13.0,348.0,388.0,611.0,4136.0,25.0,25.0,6.4,409.0,1728.0,10.0,4.2,84.0,687.0,23.0,0.307,0.21,71.86,210.0,99.0,0.471,20.0,12.0,0.6,50.0,27.0,0.54
5,Seattle Seahawks,2,2010,16.0,7,9,310,407,-97,-6.1,-3.4,4765.0,964.0,4.9,31.0,11.0,260.0,324.0,544.0,3341.0,14.0,20.0,5.8,385.0,1424.0,13.0,3.7,101.0,890.0,20.0,0.265,0.148,-197.05,214.0,76.0,0.355,17.0,6.0,0.353,50.0,21.0,0.42,5897.0,1074.0,5.5,22.0,10.0,313.0,339.0,585.0,3994.0,31.0,12.0,6.4,452.0,1903.0,13.0,4.2,91.0,706.0,16.0,0.359,0.099,60.14,238.0,94.0,0.395,19.0,8.0,0.421,65.0,30.0,0.462
6,Atlanta Falcons,2,2010,16.0,13,3,414,288,126,7.9,-1.8,5458.0,1097.0,5.0,17.0,8.0,353.0,361.0,577.0,3567.0,28.0,9.0,5.9,497.0,1891.0,14.0,3.8,58.0,598.0,42.0,0.3929999999999999,0.09,-39.55,240.0,112.0,0.467,15.0,11.0,0.733,58.0,35.0,0.603,5319.0,957.0,5.6,31.0,9.0,284.0,364.0,560.0,3625.0,23.0,22.0,6.1,366.0,1694.0,9.0,4.6,116.0,1003.0,14.0,0.261,0.161,77.65,201.0,79.0,0.3929999999999999,17.0,9.0,0.529,42.0,23.0,0.5479999999999999
7,Baltimore Ravens,2,2010,16.0,12,4,357,270,87,5.4,1.0,5166.0,1018.0,5.1,20.0,10.0,303.0,308.0,491.0,3335.0,25.0,10.0,6.3,487.0,1831.0,11.0,3.8,90.0,673.0,31.0,0.3279999999999999,0.095,-79.88,210.0,82.0,0.39,10.0,4.0,0.4,51.0,25.0,0.49,5102.0,1007.0,5.1,27.0,8.0,284.0,349.0,596.0,3599.0,22.0,19.0,5.8,384.0,1503.0,5.0,3.9,117.0,984.0,18.0,0.292,0.135,197.21,229.0,87.0,0.38,12.0,6.0,0.5,40.0,17.0,0.425
8,Kansas City Chiefs,1,2010,16.0,10,6,366,326,40,2.5,-3.2,5595.0,1063.0,5.3,14.0,6.0,319.0,274.0,475.0,2968.0,27.0,8.0,5.9,556.0,2627.0,13.0,4.7,90.0,771.0,23.0,0.313,0.068,-93.85,226.0,83.0,0.367,23.0,10.0,0.435,52.0,31.0,0.596,5283.0,1028.0,5.1,23.0,9.0,293.0,319.0,581.0,3519.0,23.0,14.0,5.7,408.0,1764.0,11.0,4.3,111.0,922.0,19.0,0.281,0.109,132.36,223.0,84.0,0.377,20.0,7.0,0.35,37.0,26.0,0.703
9,Philadelphia Eagles,1,2010,16.0,10,6,439,377,62,3.9,0.3,6230.0,1038.0,6.0,25.0,12.0,322.0,348.0,561.0,3906.0,28.0,13.0,6.4,428.0,2324.0,18.0,5.4,129.0,1101.0,17.0,0.3979999999999999,0.1169999999999999,-11.0,214.0,85.0,0.397,13.0,9.0,0.6920000000000001,58.0,31.0,0.534,5235.0,998.0,5.2,34.0,11.0,309.0,309.0,536.0,3469.0,31.0,23.0,6.0,423.0,1766.0,12.0,4.2,87.0,724.0,33.0,0.314,0.17,48.24,209.0,80.0,0.3829999999999999,12.0,5.0,0.417,43.0,33.0,0.767
10,New Orleans Saints,1,2010,16.0,11,5,384,307,77,4.8,-2.5,5960.0,1067.0,5.6,31.0,9.0,351.0,450.0,661.0,4441.0,33.0,22.0,6.5,380.0,1519.0,9.0,4.0,90.0,884.0,21.0,0.385,0.1669999999999999,-53.15,217.0,106.0,0.488,11.0,5.0,0.455,61.0,31.0,0.508,4900.0,948.0,5.2,25.0,16.0,273.0,306.0,494.0,3103.0,13.0,9.0,5.9,421.0,1797.0,13.0,4.3,88.0,701.0,29.0,0.318,0.127,143.44,203.0,70.0,0.345,23.0,15.0,0.652,45.0,20.0,0.444
11,Indianapolis Colts,1,2010,16.0,10,6,435,388,47,2.9,-0.1,6092.0,1088.0,5.6,25.0,8.0,366.0,450.0,679.0,4609.0,33.0,17.0,6.6,393.0,1483.0,13.0,3.8,79.0,709.0,26.0,0.402,0.134,28.65,204.0,91.0,0.446,8.0,5.0,0.625,56.0,38.0,0.679,5465.0,1010.0,5.4,21.0,11.0,314.0,356.0,535.0,3433.0,22.0,10.0,6.1,445.0,2032.0,14.0,4.6,95.0,812.0,13.0,0.37,0.105,75.37,200.0,78.0,0.39,18.0,8.0,0.444,48.0,25.0,0.521
12,New York Giants,5,2011,16.0,9,7,394,400,-6,-0.4,2.0,6161.0,1028.0,6.0,24.0,8.0,331.0,359.0,589.0,4734.0,29.0,16.0,7.7,411.0,1427.0,17.0,3.5,94.0,795.0,31.0,0.325,0.115,-45.79,206.0,77.0,0.374,13.0,4.0,0.308,56.0,32.0,0.5710000000000001,6022.0,1072.0,5.6,31.0,11.0,338.0,361.0,589.0,4082.0,28.0,20.0,6.4,435.0,1940.0,15.0,4.5,110.0,933.0,25.0,0.347,0.148,57.49,220.0,84.0,0.382,18.0,10.0,0.556,61.0,34.0,0.557
13,New England Patriots,4,2011,16.0,13,3,513,342,171,10.7,-1.4,6848.0,1082.0,6.3,17.0,5.0,399.0,402.0,612.0,5084.0,39.0,12.0,7.9,438.0,1764.0,18.0,4.0,87.0,815.0,30.0,0.472,0.083,99.08,194.0,89.0,0.4589999999999999,11.0,7.0,0.636,72.0,47.0,0.653,6577.0,1064.0,6.2,34.0,11.0,370.0,386.0,619.0,4703.0,26.0,23.0,7.1,405.0,1874.0,13.0,4.6,115.0,907.0,24.0,0.326,0.171,84.78,202.0,87.0,0.431,19.0,8.0,0.421,61.0,34.0,0.557
14,San Francisco 49ers,3,2011,16.0,13,3,380,229,151,9.4,-1.1,4974.0,993.0,5.0,10.0,5.0,282.0,277.0,451.0,2930.0,18.0,5.0,5.9,498.0,2044.0,14.0,4.1,113.0,1014.0,31.0,0.396,0.052,-152.56,221.0,65.0,0.294,14.0,9.0,0.643,54.0,22.0,0.407,4931.0,974.0,5.1,38.0,15.0,267.0,333.0,579.0,3695.0,20.0,23.0,6.0,353.0,1236.0,3.0,3.5,98.0,867.0,24.0,0.233,0.187,165.23,216.0,76.0,0.352,17.0,7.0,0.412,34.0,14.0,0.412
15,Baltimore Ravens,3,2011,16.0,12,4,378,266,112,7.0,-0.9,5419.0,1036.0,5.2,24.0,12.0,312.0,314.0,544.0,3423.0,21.0,12.0,5.9,459.0,1996.0,15.0,4.3,92.0,742.0,33.0,0.355,0.118,-72.94,229.0,97.0,0.424,7.0,4.0,0.5710000000000001,49.0,25.0,0.51,4622.0,1002.0,4.6,26.0,11.0,269.0,288.0,535.0,3140.0,11.0,15.0,5.4,419.0,1482.0,10.0,3.5,103.0,1032.0,24.0,0.266,0.138,240.19,221.0,71.0,0.321,21.0,10.0,0.476,42.0,16.0,0.381
16,Green Bay Packers,2,2011,16.0,15,1,560,359,201,12.6,-1.2,6482.0,988.0,6.6,14.0,6.0,353.0,376.0,552.0,4924.0,51.0,8.0,8.3,395.0,1558.0,12.0,3.9,76.0,591.0,34.0,0.483,0.061,92.5,189.0,91.0,0.481,8.0,4.0,0.5,66.0,43.0,0.652,6585.0,1049.0,6.3,38.0,7.0,358.0,390.0,637.0,4796.0,29.0,31.0,7.2,383.0,1789.0,10.0,4.7,122.0,948.0,16.0,0.3389999999999999,0.2019999999999999,52.98,195.0,83.0,0.426,16.0,4.0,0.25,56.0,31.0,0.5539999999999999
17,Houston Texans,2,2011,16.0,10,6,381,278,103,6.4,-1.9,5954.0,1046.0,5.7,20.0,11.0,321.0,288.0,467.0,3506.0,20.0,9.0,7.0,546.0,2448.0,18.0,4.5,99.0,852.0,14.0,0.372,0.105,-63.12,224.0,93.0,0.415,11.0,3.0,0.273,60.0,28.0,0.467,4571.0,960.0,4.8,27.0,10.0,270.0,279.0,538.0,3035.0,18.0,17.0,5.2,378.0,1536.0,8.0,4.1,88.0,686.0,31.0,0.298,0.138,206.3,212.0,76.0,0.358,13.0,6.0,0.462,44.0,21.0,0.477
18,New Orleans Saints,2,2011,16.0,13,3,547,339,208,13.0,-1.6,7474.0,1117.0,6.7,19.0,5.0,416.0,472.0,662.0,5347.0,46.0,14.0,7.8,431.0,2127.0,16.0,4.9,99.0,851.0,20.0,0.514,0.109,165.64,208.0,118.0,0.5670000000000001,10.0,3.0,0.3,75.0,44.0,0.5870000000000001,5895.0,1010.0,5.8,16.0,7.0,326.0,362.0,626.0,4157.0,24.0,9.0,6.3,351.0,1738.0,11.0,5.0,109.0,912.0,38.0,0.341,0.088,13.66,202.0,67.0,0.332,22.0,6.0,0.273,39.0,23.0,0.59
19,Denver Broncos,2,2011,16.0,8,8,309,390,-81,-5.1,-0.2,5066.0,1017.0,5.0,30.0,17.0,286.0,217.0,429.0,2434.0,20.0,13.0,5.2,546.0,2632.0,11.0,4.8,101.0,843.0,27.0,0.245,0.142,-154.77,214.0,66.0,0.308,13.0,3.0,0.231,36.0,17.0,0.472,5725.0,1063.0,5.4,18.0,9.0,315.0,333.0,534.0,3704.0,24.0,9.0,6.4,488.0,2021.0,11.0,4.1,99.0,845.0,32.0,0.33,0.078,68.03,218.0,73.0,0.335,9.0,3.0,0.3329999999999999,52.0,27.0,0.519
20,Atlanta Falcons,1,2011,16.0,10,6,402,350,52,3.3,0.3,6026.0,1073.0,5.6,21.0,8.0,349.0,365.0,594.0,4192.0,29.0,13.0,6.8,453.0,1834.0,14.0,4.0,93.0,769.0,34.0,0.374,0.107,-22.37,224.0,99.0,0.442,13.0,4.0,0.308,59.0,31.0,0.525,5338.0,965.0,5.5,29.0,10.0,292.0,340.0,560.0,3786.0,25.0,19.0,6.4,372.0,1552.0,10.0,4.2,101.0,843.0,19.0,0.322,0.15,51.59,211.0,93.0,0.441,11.0,6.0,0.545,47.0,22.0,0.4679999999999999
21,Pittsburgh Steelers,1,2011,16.0,12,4,325,227,98,6.1,-0.8,5957.0,1015.0,5.9,28.0,13.0,341.0,341.0,539.0,4054.0,21.0,15.0,7.0,434.0,1903.0,13.0,4.4,101.0,854.0,24.0,0.3389999999999999,0.1669999999999999,-91.67,196.0,90.0,0.4589999999999999,8.0,3.0,0.375,53.0,27.0,0.509,4348.0,964.0,4.5,15.0,4.0,264.0,289.0,530.0,2751.0,15.0,11.0,4.9,399.0,1597.0,7.0,4.0,96.0,777.0,26.0,0.26,0.083,72.09,221.0,86.0,0.389,13.0,8.0,0.615,31.0,17.0,0.5479999999999999
22,Detroit Lions,1,2011,16.0,10,6,474,387,87,5.4,0.6,6337.0,1058.0,6.0,23.0,7.0,349.0,423.0,666.0,4814.0,41.0,16.0,6.9,356.0,1523.0,9.0,4.3,128.0,1075.0,34.0,0.376,0.107,33.96,212.0,76.0,0.358,14.0,8.0,0.5710000000000001,58.0,37.0,0.638,5881.0,1055.0,5.6,34.0,13.0,325.0,376.0,604.0,3831.0,26.0,21.0,5.9,410.0,2050.0,10.0,5.0,119.0,982.0,39.0,0.324,0.162,130.02,205.0,67.0,0.327,19.0,8.0,0.421,53.0,26.0,0.491
23,Cincinnati Bengals,1,2011,16.0,9,7,344,323,21,1.3,-0.9,5118.0,1015.0,5.0,22.0,8.0,285.0,308.0,535.0,3340.0,21.0,14.0,6.0,455.0,1778.0,10.0,3.9,99.0,874.0,32.0,0.325,0.096,-104.83,219.0,80.0,0.365,10.0,4.0,0.4,51.0,23.0,0.451,5060.0,1009.0,5.0,22.0,12.0,284.0,319.0,539.0,3385.0,21.0,10.0,5.8,425.0,1675.0,14.0,3.9,101.0,878.0,20.0,0.285,0.11,125.26,220.0,78.0,0.355,11.0,4.0,0.364,41.0,24.0,0.585
24,Baltimore Ravens,5,2012,16.0,10,6,398,344,54,3.4,-0.5,5640.0,1042.0,5.4,16.0,5.0,314.0,334.0,560.0,3739.0,22.0,11.0,6.3,444.0,1901.0,17.0,4.3,121.0,1127.0,34.0,0.358,0.078,22.03,217.0,80.0,0.369,14.0,6.0,0.429,49.0,28.0,0.5710000000000001,5615.0,1086.0,5.2,25.0,12.0,326.0,335.0,557.0,3650.0,15.0,13.0,6.1,492.0,1965.0,15.0,4.0,107.0,929.0,34.0,0.349,0.12,132.17,232.0,83.0,0.358,12.0,6.0,0.5,53.0,23.0,0.434
25,San Francisco 49ers,4,2012,16.0,11,4,397,273,124,7.8,2.5,5789.0,969.0,6.0,16.0,8.0,322.0,289.0,436.0,3298.0,23.0,8.0,6.9,492.0,2491.0,17.0,5.1,109.0,960.0,22.0,0.3929999999999999,0.079,-15.31,194.0,68.0,0.351,12.0,8.0,0.667,55.0,28.0,0.509,4710.0,1012.0,4.7,25.0,11.0,284.0,337.0,567.0,3203.0,19.0,14.0,5.3,407.0,1507.0,7.0,3.7,93.0,758.0,34.0,0.267,0.128,114.89,215.0,71.0,0.33,25.0,14.0,0.56,36.0,22.0,0.611
26,New England Patriots,3,2012,16.0,12,4,557,331,226,14.1,-1.4,6846.0,1191.0,5.7,16.0,7.0,444.0,402.0,641.0,4662.0,34.0,9.0,7.0,523.0,2184.0,25.0,4.2,97.0,840.0,37.0,0.481,0.081,118.97,226.0,110.0,0.487,12.0,8.0,0.667,70.0,49.0,0.7,5972.0,1046.0,5.7,41.0,21.0,340.0,369.0,594.0,4342.0,27.0,20.0,6.9,415.0,1630.0,10.0,3.9,101.0,932.0,33.0,0.301,0.204,83.26,205.0,82.0,0.4,23.0,9.0,0.391,46.0,24.0,0.522
27,Atlanta Falcons,3,2012,16.0,13,3,419,299,120,7.5,-1.1,5906.0,1021.0,5.8,18.0,4.0,343.0,422.0,615.0,4509.0,32.0,14.0,7.0,378.0,1397.0,12.0,3.7,55.0,415.0,26.0,0.44,0.103,-18.12,204.0,92.0,0.451,8.0,2.0,0.25,63.0,37.0,0.5870000000000001,5849.0,991.0,5.9,31.0,11.0,298.0,337.0,551.0,3878.0,14.0,20.0,6.7,411.0,1971.0,16.0,4.8,83.0,641.0,10.0,0.317,0.172,40.76,200.0,81.0,0.405,13.0,6.0,0.462,42.0,19.0,0.452
28,Houston Texans,2,2012,16.0,12,4,416,331,85,5.3,-1.8,5953.0,1090.0,5.5,17.0,4.0,341.0,354.0,554.0,3830.0,22.0,13.0,6.6,508.0,2123.0,19.0,4.2,108.0,873.0,22.0,0.356,0.084,-20.08,221.0,83.0,0.376,7.0,4.0,0.5710000000000001,57.0,32.0,0.561,5172.0,1015.0,5.1,29.0,14.0,292.0,308.0,581.0,3612.0,29.0,15.0,5.8,390.0,1560.0,5.0,4.0,90.0,863.0,31.0,0.28,0.145,124.55,215.0,71.0,0.33,16.0,5.0,0.313,40.0,20.0,0.5
29,Seattle Seahawks,2,2012,16.0,11,5,412,245,167,10.4,1.8,5610.0,974.0,5.8,18.0,8.0,311.0,259.0,405.0,3031.0,27.0,10.0,6.9,536.0,2579.0,16.0,4.8,110.0,890.0,29.0,0.3939999999999999,0.1,9.07,199.0,80.0,0.402,18.0,11.0,0.611,54.0,31.0,0.574,4899.0,968.0,5.1,31.0,13.0,295.0,327.0,564.0,3250.0,15.0,18.0,5.4,368.0,1649.0,8.0,4.5,102.0,902.0,29.0,0.272,0.16,133.75,198.0,76.0,0.384,10.0,3.0,0.3,38.0,17.0,0.447
30,Denver Broncos,2,2012,16.0,13,3,481,289,192,12.0,-1.9,6366.0,1090.0,5.8,25.0,14.0,380.0,402.0,588.0,4534.0,37.0,11.0,7.4,481.0,1832.0,12.0,3.8,100.0,805.0,36.0,0.3989999999999999,0.122,54.27,213.0,96.0,0.451,5.0,3.0,0.6,66.0,39.0,0.591,4652.0,1015.0,4.6,24.0,8.0,287.0,321.0,559.0,3194.0,25.0,16.0,5.2,404.0,1458.0,5.0,3.6,123.0,951.0,31.0,0.2689999999999999,0.119,140.44,216.0,66.0,0.306,18.0,7.0,0.389,41.0,24.0,0.585
31,Green Bay Packers,2,2012,16.0,11,5,433,336,97,6.1,1.2,5751.0,1042.0,5.5,16.0,8.0,341.0,374.0,558.0,4049.0,40.0,8.0,6.6,433.0,1702.0,9.0,3.9,103.0,923.0,43.0,0.376,0.081,25.77,213.0,90.0,0.423,13.0,7.0,0.5379999999999999,47.0,32.0,0.6809999999999999,5388.0,1033.0,5.2,23.0,5.0,308.0,313.0,568.0,3492.0,24.0,18.0,5.7,418.0,1896.0,12.0,4.5,123.0,1055.0,34.0,0.332,0.118,81.27,218.0,83.0,0.381,23.0,9.0,0.391,47.0,29.0,0.617
32,Washington Redskins,1,2012,16.0,10,6,436,388,48,3.0,0.4,6131.0,994.0,6.2,14.0,6.0,341.0,291.0,442.0,3422.0,24.0,8.0,7.2,519.0,2709.0,22.0,5.2,116.0,985.0,26.0,0.3929999999999999,0.077,-16.5,190.0,68.0,0.358,17.0,12.0,0.706,53.0,32.0,0.604,6043.0,1031.0,5.9,31.0,10.0,340.0,393.0,636.0,4511.0,31.0,21.0,6.8,363.0,1532.0,11.0,4.2,100.0,811.0,28.0,0.3829999999999999,0.1689999999999999,67.07,215.0,95.0,0.442,14.0,8.0,0.5710000000000001,52.0,30.0,0.5770000000000001
33,Indianapolis Colts,1,2012,16.0,11,5,357,387,-30,-1.9,-2.8,5799.0,1109.0,5.2,27.0,9.0,360.0,339.0,628.0,4128.0,23.0,18.0,6.2,440.0,1671.0,11.0,3.8,94.0,801.0,42.0,0.3329999999999999,0.139,-73.11,229.0,98.0,0.428,8.0,7.0,0.875,48.0,26.0,0.542,5988.0,995.0,6.0,15.0,3.0,325.0,334.0,535.0,3788.0,23.0,12.0,6.7,428.0,2200.0,14.0,5.1,128.0,1208.0,33.0,0.3829999999999999,0.083,-40.83,197.0,75.0,0.381,7.0,3.0,0.429,53.0,27.0,0.509
34,Cincinnati Bengals,1,2012,16.0,10,6,391,320,71,4.4,-2.4,5323.0,1016.0,5.2,26.0,10.0,292.0,335.0,540.0,3578.0,28.0,16.0,6.1,430.0,1745.0,11.0,4.1,99.0,857.0,24.0,0.354,0.128,-90.48,217.0,74.0,0.341,16.0,11.0,0.688,57.0,31.0,0.544,5115.0,1034.0,4.9,30.0,16.0,307.0,346.0,560.0,3400.0,16.0,14.0,5.6,423.0,1715.0,13.0,4.1,90.0,779.0,25.0,0.293,0.141,192.22,219.0,79.0,0.361,12.0,5.0,0.417,41.0,21.0,0.512
35,Minnesota Vikings,1,2012,16.0,10,6,379,348,31,1.9,1.4,5385.0,1001.0,5.4,23.0,11.0,306.0,300.0,483.0,2751.0,18.0,12.0,5.3,486.0,2634.0,16.0,5.4,90.0,830.0,30.0,0.379,0.126,-59.9,210.0,78.0,0.371,11.0,7.0,0.636,52.0,28.0,0.5379999999999999,5600.0,1083.0,5.2,22.0,12.0,345.0,391.0,612.0,3908.0,28.0,10.0,6.0,427.0,1692.0,10.0,4.0,111.0,949.0,34.0,0.337,0.118,56.23,230.0,95.0,0.413,20.0,11.0,0.55,51.0,31.0,0.608
36,Seattle Seahawks,5,2013,16.0,13,3,417,231,186,11.6,1.4,5424.0,973.0,5.6,19.0,10.0,307.0,267.0,420.0,3236.0,27.0,9.0,7.0,509.0,2188.0,14.0,4.3,128.0,1183.0,31.0,0.407,0.093,60.55,204.0,76.0,0.373,11.0,6.0,0.545,57.0,32.0,0.561,4378.0,990.0,4.4,39.0,11.0,282.0,309.0,524.0,2752.0,16.0,28.0,4.8,422.0,1626.0,4.0,3.9,98.0,879.0,43.0,0.247,0.1939999999999999,129.49,216.0,76.0,0.352,11.0,4.0,0.364,36.0,13.0,0.361
37,Denver Broncos,4,2013,16.0,13,3,606,399,207,12.9,-1.6,7317.0,1156.0,6.3,26.0,16.0,435.0,461.0,675.0,5444.0,55.0,10.0,7.8,461.0,1873.0,16.0,4.1,117.0,1000.0,35.0,0.475,0.104,277.21,205.0,95.0,0.4629999999999999,9.0,8.0,0.889,67.0,51.0,0.7609999999999999,5696.0,1074.0,5.3,26.0,9.0,339.0,357.0,613.0,4070.0,29.0,17.0,6.2,420.0,1626.0,15.0,3.9,97.0,807.0,41.0,0.325,0.126,-54.32,218.0,83.0,0.381,15.0,4.0,0.267,60.0,37.0,0.617
38,San Francisco 49ers,3,2013,16.0,12,4,406,272,134,8.4,1.8,5180.0,961.0,5.4,18.0,10.0,286.0,244.0,417.0,2979.0,21.0,8.0,6.5,505.0,2201.0,18.0,4.4,103.0,845.0,23.0,0.3779999999999999,0.09,58.16,211.0,77.0,0.365,11.0,7.0,0.636,55.0,31.0,0.564,5071.0,1020.0,5.0,30.0,12.0,284.0,345.0,585.0,3536.0,19.0,18.0,5.7,397.0,1535.0,11.0,3.9,96.0,878.0,26.0,0.262,0.131,67.25,223.0,76.0,0.341,23.0,10.0,0.435,41.0,22.0,0.537
39,New England Patriots,3,2013,16.0,12,4,444,338,106,6.6,-0.7,6152.0,1138.0,5.4,20.0,9.0,378.0,380.0,628.0,4087.0,25.0,11.0,6.1,470.0,2065.0,19.0,4.4,69.0,625.0,43.0,0.408,0.1,100.43,221.0,83.0,0.376,15.0,7.0,0.467,65.0,36.0,0.5539999999999999,5969.0,1118.0,5.3,29.0,12.0,338.0,336.0,589.0,3824.0,25.0,17.0,6.0,481.0,2145.0,11.0,4.5,110.0,951.0,20.0,0.296,0.133,-42.78,232.0,98.0,0.422,21.0,4.0,0.19,50.0,28.0,0.56
40,Carolina Panthers,2,2013,16.0,12,4,366,241,125,7.8,1.4,5069.0,999.0,5.1,19.0,6.0,319.0,292.0,473.0,3043.0,24.0,13.0,5.9,483.0,2026.0,14.0,4.2,80.0,671.0,28.0,0.365,0.094,90.4,208.0,91.0,0.4379999999999999,13.0,10.0,0.769,50.0,29.0,0.58,4820.0,975.0,4.9,30.0,10.0,278.0,375.0,563.0,3429.0,17.0,20.0,5.5,352.0,1391.0,4.0,4.0,84.0,753.0,30.0,0.287,0.163,61.39,212.0,76.0,0.358,11.0,3.0,0.273,41.0,17.0,0.415
41,San Diego Chargers,2,2013,16.0,9,7,396,348,48,3.0,-0.3,6293.0,1060.0,5.9,21.0,10.0,373.0,378.0,544.0,4328.0,32.0,11.0,7.5,486.0,1965.0,9.0,4.0,95.0,765.0,39.0,0.449,0.114,186.29,206.0,101.0,0.49,6.0,5.0,0.833,59.0,30.0,0.508,5864.0,959.0,6.1,17.0,6.0,327.0,364.0,548.0,4139.0,23.0,11.0,7.1,376.0,1725.0,14.0,4.6,100.0,850.0,21.0,0.361,0.096,-120.17,180.0,70.0,0.389,13.0,6.0,0.462,45.0,28.0,0.622
42,New Orleans Saints,2,2013,16.0,11,5,414,304,110,6.9,1.9,6391.0,1079.0,5.9,19.0,7.0,359.0,446.0,651.0,4918.0,39.0,12.0,7.1,391.0,1473.0,10.0,3.8,95.0,817.0,28.0,0.4029999999999999,0.083,169.86,221.0,97.0,0.439,19.0,9.0,0.474,57.0,32.0,0.561,4891.0,943.0,5.2,19.0,7.0,274.0,304.0,507.0,3105.0,20.0,12.0,5.6,387.0,1786.0,11.0,4.6,91.0,750.0,24.0,0.304,0.105,-15.21,199.0,69.0,0.347,12.0,4.0,0.3329999999999999,46.0,26.0,0.565
43,Indianapolis Colts,2,2013,16.0,11,5,391,336,55,3.4,0.6,5468.0,1023.0,5.3,14.0,4.0,318.0,350.0,582.0,3725.0,23.0,10.0,6.1,409.0,1743.0,15.0,4.3,66.0,576.0,39.0,0.3879999999999999,0.069,98.0,213.0,80.0,0.376,10.0,3.0,0.3,50.0,28.0,0.56,5713.0,1026.0,5.6,27.0,12.0,319.0,324.0,536.0,3711.0,21.0,15.0,6.4,448.0,2002.0,14.0,4.5,112.0,990.0,27.0,0.317,0.1369999999999999,-82.63,210.0,79.0,0.376,19.0,10.0,0.526,41.0,24.0,0.585
44,Green Bay Packers,1,2013,16.0,8,7,417,428,-11,-0.7,-2.4,6404.0,1074.0,6.0,25.0,9.0,351.0,366.0,570.0,4268.0,25.0,16.0,6.9,459.0,2136.0,17.0,4.7,86.0,801.0,31.0,0.409,0.124,113.82,216.0,89.0,0.412,13.0,9.0,0.6920000000000001,65.0,33.0,0.508,5956.0,1015.0,5.9,22.0,11.0,330.0,332.0,539.0,3956.0,30.0,11.0,6.8,432.0,2000.0,16.0,4.6,99.0,883.0,24.0,0.389,0.122,-116.87,204.0,78.0,0.382,17.0,10.0,0.588,57.0,35.0,0.614
45,Cincinnati Bengals,1,2013,16.0,11,5,430,305,125,7.8,-2.5,5891.0,1097.0,5.4,30.0,10.0,330.0,364.0,587.0,4136.0,33.0,20.0,6.7,481.0,1755.0,14.0,3.6,102.0,1000.0,24.0,0.3229999999999999,0.149,33.5,225.0,92.0,0.409,21.0,12.0,0.5710000000000001,46.0,34.0,0.7390000000000001,4888.0,1042.0,4.7,31.0,11.0,282.0,362.0,614.0,3344.0,22.0,20.0,5.1,385.0,1544.0,6.0,4.0,69.0,692.0,32.0,0.2739999999999999,0.152,92.97,225.0,74.0,0.3289999999999999,16.0,5.0,0.313,36.0,18.0,0.5
46,Philadelphia Eagles,1,2013,16.0,10,6,442,382,60,3.8,-1.9,6676.0,1054.0,6.3,19.0,10.0,355.0,310.0,508.0,4110.0,32.0,9.0,7.4,500.0,2566.0,19.0,5.1,95.0,846.0,25.0,0.368,0.09,134.05,213.0,83.0,0.39,14.0,7.0,0.5,57.0,30.0,0.526,6304.0,1150.0,5.5,31.0,12.0,368.0,408.0,670.0,4636.0,25.0,19.0,6.6,443.0,1668.0,12.0,3.8,106.0,855.0,29.0,0.327,0.153,-35.53,231.0,93.0,0.4029999999999999,20.0,8.0,0.4,49.0,26.0,0.531
47,Kansas City Chiefs,1,2013,16.0,11,5,430,305,125,7.8,-1.7,5396.0,1029.0,5.2,18.0,10.0,323.0,333.0,546.0,3340.0,24.0,8.0,5.7,442.0,2056.0,17.0,4.7,101.0,774.0,34.0,0.32,0.091,38.85,213.0,74.0,0.347,11.0,4.0,0.364,57.0,33.0,0.579,5885.0,1067.0,5.5,36.0,15.0,303.0,334.0,592.0,3962.0,25.0,21.0,6.2,428.0,1923.0,9.0,4.5,112.0,852.0,26.0,0.275,0.157,26.34,229.0,78.0,0.341,18.0,9.0,0.5,37.0,19.0,0.514
48,New England Patriots,5,2014,16.0,12,4,468,313,155,9.7,1.3,5848.0,1073.0,5.5,13.0,4.0,361.0,392.0,609.0,4121.0,34.0,9.0,6.5,438.0,1727.0,13.0,3.9,120.0,1080.0,37.0,0.4529999999999999,0.072,181.12,221.0,98.0,0.4429999999999999,13.0,7.0,0.5379999999999999,67.0,39.0,0.5820000000000001,5506.0,1033.0,5.3,25.0,9.0,329.0,342.0,574.0,3837.0,24.0,16.0,6.2,419.0,1669.0,6.0,4.0,92.0,752.0,45.0,0.324,0.132,-51.58,209.0,84.0,0.402,23.0,8.0,0.348,46.0,22.0,0.478
49,Seattle Seahawks,4,2014,16.0,12,4,394,254,140,8.8,0.8,6012.0,1021.0,5.9,14.0,7.0,328.0,287.0,454.0,3250.0,20.0,7.0,6.6,525.0,2762.0,20.0,5.3,130.0,1009.0,24.0,0.406,0.069,137.18,212.0,90.0,0.425,11.0,3.0,0.273,60.0,31.0,0.517,4274.0,924.0,4.6,24.0,11.0,277.0,313.0,507.0,2970.0,17.0,13.0,5.5,380.0,1304.0,8.0,3.4,70.0,613.0,32.0,0.2689999999999999,0.123,40.92,202.0,75.0,0.371,14.0,8.0,0.5710000000000001,37.0,22.0,0.595
50,Green Bay Packers,3,2014,16.0,12,4,486,348,138,8.6,-0.3,6178.0,1001.0,6.2,13.0,7.0,356.0,349.0,536.0,4261.0,38.0,6.0,7.5,435.0,1917.0,14.0,4.4,92.0,775.0,30.0,0.467,0.071,172.28,197.0,93.0,0.472,10.0,4.0,0.4,64.0,37.0,0.578,5542.0,1054.0,5.3,27.0,9.0,339.0,333.0,564.0,3623.0,26.0,18.0,6.0,449.0,1919.0,11.0,4.3,104.0,945.0,27.0,0.331,0.149,-33.95,206.0,83.0,0.4029999999999999,28.0,15.0,0.536,48.0,27.0,0.563
51,Indianapolis Colts,3,2014,16.0,11,5,458,369,89,5.6,-1.1,6506.0,1105.0,5.9,31.0,15.0,371.0,410.0,661.0,4894.0,42.0,16.0,7.1,415.0,1612.0,9.0,3.9,105.0,848.0,40.0,0.395,0.146,83.73,217.0,89.0,0.41,15.0,6.0,0.4,60.0,33.0,0.55,5483.0,1007.0,5.4,26.0,14.0,309.0,320.0,543.0,3669.0,27.0,12.0,6.3,423.0,1814.0,14.0,4.3,101.0,866.0,31.0,0.281,0.126,-12.0,201.0,67.0,0.3329999999999999,17.0,4.0,0.235,50.0,33.0,0.66
52,Denver Broncos,2,2014,16.0,12,4,482,354,128,8.0,1.6,6446.0,1067.0,6.0,20.0,5.0,360.0,399.0,607.0,4661.0,40.0,15.0,7.5,443.0,1785.0,15.0,4.0,120.0,1045.0,35.0,0.3989999999999999,0.096,140.4,213.0,94.0,0.441,13.0,6.0,0.462,62.0,39.0,0.629,4883.0,1031.0,4.7,25.0,7.0,311.0,399.0,641.0,3607.0,29.0,18.0,5.3,349.0,1276.0,9.0,3.7,103.0,816.0,32.0,0.313,0.118,5.24,222.0,81.0,0.365,17.0,10.0,0.588,52.0,30.0,0.5770000000000001
53,Dallas Cowboys,2,2014,16.0,12,4,467,352,115,7.2,-1.8,6138.0,1014.0,6.1,25.0,14.0,342.0,328.0,476.0,3784.0,37.0,11.0,7.5,508.0,2354.0,16.0,4.6,105.0,839.0,31.0,0.436,0.128,174.23,201.0,95.0,0.473,6.0,3.0,0.5,51.0,33.0,0.647,5681.0,978.0,5.8,31.0,13.0,315.0,371.0,558.0,4031.0,22.0,18.0,6.9,392.0,1650.0,18.0,4.2,104.0,861.0,34.0,0.313,0.168,-69.98,204.0,89.0,0.436,20.0,10.0,0.5,49.0,30.0,0.612
54,Carolina Panthers,2,2014,16.0,7,8,339,374,-35,-2.2,-0.9,5547.0,1060.0,5.2,23.0,11.0,347.0,327.0,545.0,3511.0,23.0,12.0,6.0,473.0,2036.0,10.0,4.3,83.0,756.0,31.0,0.348,0.118,44.08,222.0,93.0,0.419,10.0,6.0,0.6,47.0,22.0,0.4679999999999999,5437.0,999.0,5.4,26.0,12.0,309.0,364.0,562.0,3645.0,25.0,14.0,6.1,397.0,1792.0,14.0,4.5,97.0,760.0,25.0,0.341,0.14,-38.36,210.0,89.0,0.424,11.0,5.0,0.455,46.0,29.0,0.63
55,Baltimore Ravens,2,2014,16.0,10,6,409,302,107,6.7,-2.1,5838.0,1021.0,5.7,20.0,8.0,345.0,344.0,554.0,3819.0,27.0,12.0,6.7,448.0,2019.0,16.0,4.5,111.0,870.0,38.0,0.396,0.099,135.24,205.0,84.0,0.41,18.0,9.0,0.5,63.0,33.0,0.524,5391.0,1034.0,5.2,22.0,11.0,311.0,382.0,595.0,3979.0,22.0,11.0,6.2,390.0,1412.0,8.0,3.6,110.0,1007.0,31.0,0.3329999999999999,0.1169999999999999,-18.91,221.0,89.0,0.4029999999999999,14.0,5.0,0.357,54.0,23.0,0.426
56,Detroit Lions,1,2014,16.0,11,5,321,282,39,2.4,-0.4,5452.0,1045.0,5.2,20.0,8.0,310.0,365.0,604.0,4030.0,22.0,12.0,6.2,396.0,1422.0,11.0,3.6,118.0,989.0,28.0,0.324,0.095,50.59,223.0,86.0,0.386,20.0,10.0,0.5,47.0,25.0,0.532,4815.0,984.0,4.9,27.0,7.0,310.0,383.0,592.0,3706.0,23.0,20.0,5.8,350.0,1109.0,8.0,3.2,99.0,849.0,42.0,0.2689999999999999,0.143,53.86,207.0,77.0,0.372,15.0,6.0,0.4,49.0,26.0,0.531
57,Cincinnati Bengals,1,2014,16.0,10,5,365,344,21,1.3,-0.6,5568.0,1018.0,5.5,26.0,9.0,313.0,323.0,503.0,3421.0,20.0,17.0,6.5,492.0,2147.0,19.0,4.4,102.0,812.0,27.0,0.34,0.131,13.84,211.0,84.0,0.3979999999999999,13.0,7.0,0.5379999999999999,49.0,28.0,0.5710000000000001,5749.0,1067.0,5.4,26.0,6.0,337.0,365.0,608.0,3888.0,18.0,20.0,6.2,439.0,1861.0,16.0,4.2,105.0,876.0,35.0,0.326,0.136,-39.01,215.0,79.0,0.367,19.0,10.0,0.526,55.0,27.0,0.491
58,Pittsburgh Steelers,1,2014,16.0,11,5,436,368,68,4.3,-2.0,6577.0,1068.0,6.2,21.0,11.0,379.0,411.0,612.0,4825.0,33.0,10.0,7.5,423.0,1752.0,10.0,4.1,103.0,834.0,38.0,0.414,0.115,156.58,208.0,93.0,0.447,10.0,5.0,0.5,55.0,29.0,0.527,5654.0,944.0,6.0,21.0,10.0,314.0,350.0,543.0,4049.0,30.0,11.0,7.0,368.0,1605.0,9.0,4.4,97.0,835.0,33.0,0.397,0.115,-73.84,189.0,71.0,0.376,14.0,10.0,0.7140000000000001,50.0,27.0,0.54
59,Arizona Cardinals,1,2014,16.0,11,5,310,299,11,0.7,1.3,5116.0,993.0,5.2,17.0,5.0,302.0,320.0,568.0,3808.0,21.0,12.0,6.4,397.0,1308.0,6.0,3.3,91.0,707.0,44.0,0.309,0.094,-9.8,224.0,90.0,0.402,4.0,3.0,0.75,38.0,16.0,0.421,5891.0,1010.0,5.8,25.0,7.0,300.0,365.0,579.0,4152.0,22.0,18.0,6.8,396.0,1739.0,9.0,4.4,130.0,1192.0,28.0,0.298,0.128,-9.75,215.0,81.0,0.377,13.0,5.0,0.385,41.0,18.0,0.439
60,Denver Broncos,5,2015,16.0,12,4,355,296,59,3.7,2.1,5688.0,1056.0,5.4,31.0,8.0,314.0,368.0,606.0,3970.0,19.0,23.0,6.2,411.0,1718.0,13.0,4.2,115.0,1063.0,28.0,0.312,0.151,-50.98,224.0,79.0,0.353,14.0,7.0,0.5,44.0,21.0,0.477,4530.0,1033.0,4.4,27.0,13.0,289.0,344.0,573.0,3193.0,19.0,14.0,5.1,408.0,1337.0,10.0,3.3,104.0,773.0,46.0,0.2689999999999999,0.119,141.46,227.0,80.0,0.352,14.0,5.0,0.357,37.0,22.0,0.595
61,Carolina Panthers,4,2015,16.0,15,1,500,308,192,12.0,-3.9,5871.0,1060.0,5.5,19.0,9.0,357.0,300.0,501.0,3589.0,35.0,10.0,6.7,526.0,2282.0,19.0,4.3,103.0,887.0,24.0,0.429,0.096,115.28,203.0,86.0,0.424,10.0,6.0,0.6,63.0,43.0,0.6829999999999999,5167.0,1058.0,4.9,39.0,15.0,298.0,390.0,650.0,3752.0,21.0,24.0,5.4,364.0,1415.0,11.0,3.9,99.0,822.0,26.0,0.265,0.1939999999999999,117.7,227.0,86.0,0.379,26.0,15.0,0.5770000000000001,40.0,21.0,0.525
62,New England Patriots,3,2015,16.0,12,4,465,315,150,9.4,-2.4,5991.0,1050.0,5.7,14.0,7.0,348.0,404.0,629.0,4587.0,36.0,7.0,6.9,383.0,1404.0,14.0,3.7,96.0,860.0,31.0,0.432,0.057,138.04,215.0,88.0,0.409,15.0,9.0,0.6,61.0,40.0,0.6559999999999999,5430.0,1042.0,5.2,21.0,9.0,303.0,361.0,596.0,3852.0,24.0,12.0,6.0,397.0,1578.0,8.0,4.0,112.0,1013.0,22.0,0.289,0.105,27.26,225.0,84.0,0.373,18.0,8.0,0.444,42.0,24.0,0.5710000000000001
63,Arizona Cardinals,3,2015,16.0,13,3,489,313,176,11.0,1.3,6533.0,1041.0,6.3,24.0,11.0,373.0,353.0,562.0,4616.0,35.0,13.0,7.8,452.0,1917.0,16.0,4.2,94.0,758.0,44.0,0.425,0.118,148.43,198.0,93.0,0.47,9.0,4.0,0.444,63.0,38.0,0.603,5147.0,982.0,5.2,33.0,14.0,284.0,343.0,573.0,3687.0,24.0,19.0,6.1,373.0,1460.0,9.0,3.9,130.0,1202.0,28.0,0.317,0.1669999999999999,34.93,210.0,75.0,0.357,17.0,8.0,0.471,47.0,26.0,0.5529999999999999
64,Pittsburgh Steelers,2,2015,16.0,10,6,423,319,104,6.5,2.2,6327.0,1011.0,6.3,28.0,7.0,331.0,391.0,590.0,4603.0,26.0,21.0,7.4,388.0,1724.0,16.0,4.4,94.0,868.0,33.0,0.405,0.1369999999999999,22.98,193.0,75.0,0.389,12.0,4.0,0.3329999999999999,56.0,34.0,0.607,5809.0,1055.0,5.5,30.0,13.0,327.0,402.0,625.0,4350.0,29.0,17.0,6.5,382.0,1459.0,6.0,3.8,121.0,1199.0,25.0,0.3229999999999999,0.143,37.09,225.0,90.0,0.4,24.0,7.0,0.292,57.0,28.0,0.491
65,Seattle Seahawks,2,2015,16.0,10,6,423,277,146,9.1,2.2,6058.0,1035.0,5.9,16.0,8.0,335.0,333.0,489.0,3790.0,34.0,8.0,7.1,500.0,2268.0,10.0,4.5,117.0,1007.0,17.0,0.42,0.086,129.31,213.0,99.0,0.465,9.0,8.0,0.889,49.0,27.0,0.551,4668.0,947.0,4.9,23.0,9.0,273.0,333.0,548.0,3364.0,14.0,14.0,5.8,362.0,1304.0,10.0,3.6,94.0,795.0,27.0,0.293,0.132,59.08,195.0,67.0,0.344,7.0,1.0,0.143,38.0,16.0,0.421
66,Kansas City Chiefs,2,2015,16.0,11,5,405,287,118,7.4,1.6,5299.0,955.0,5.5,15.0,8.0,303.0,310.0,473.0,3255.0,20.0,7.0,6.3,436.0,2044.0,19.0,4.7,104.0,878.0,32.0,0.379,0.071,41.53,199.0,76.0,0.382,9.0,6.0,0.667,54.0,31.0,0.574,5269.0,1037.0,5.1,29.0,7.0,313.0,349.0,607.0,3698.0,25.0,22.0,5.7,383.0,1571.0,7.0,4.1,110.0,941.0,34.0,0.273,0.153,105.76,217.0,72.0,0.332,27.0,13.0,0.481,40.0,24.0,0.6
67,Green Bay Packers,2,2015,16.0,10,6,368,323,45,2.8,2.5,5353.0,1056.0,5.1,17.0,9.0,317.0,348.0,573.0,3503.0,31.0,8.0,5.7,436.0,1850.0,8.0,4.2,105.0,906.0,44.0,0.3329999999999999,0.089,40.61,208.0,70.0,0.337,21.0,11.0,0.524,52.0,28.0,0.5379999999999999,5547.0,1014.0,5.5,22.0,6.0,300.0,321.0,551.0,3642.0,20.0,16.0,6.1,420.0,1905.0,13.0,4.5,120.0,1107.0,21.0,0.313,0.115,-9.81,220.0,79.0,0.359,21.0,10.0,0.476,49.0,28.0,0.5710000000000001
68,Minnesota Vikings,1,2015,16.0,11,5,365,302,63,3.9,1.9,5139.0,973.0,5.3,17.0,8.0,297.0,294.0,454.0,2928.0,14.0,9.0,5.9,474.0,2211.0,18.0,4.7,88.0,797.0,31.0,0.384,0.093,29.39,199.0,76.0,0.382,11.0,5.0,0.455,44.0,22.0,0.5,5510.0,1015.0,5.4,22.0,9.0,318.0,359.0,561.0,3762.0,24.0,13.0,6.2,411.0,1748.0,7.0,4.3,109.0,875.0,35.0,0.3329999999999999,0.119,11.53,206.0,71.0,0.345,22.0,11.0,0.5,43.0,19.0,0.442
69,Washington Redskins,1,2015,16.0,9,7,388,379,9,0.6,-2.5,5661.0,1011.0,5.6,22.0,11.0,317.0,386.0,555.0,4095.0,30.0,11.0,7.0,429.0,1566.0,9.0,3.7,105.0,828.0,28.0,0.361,0.111,54.93,216.0,94.0,0.435,12.0,7.0,0.583,49.0,30.0,0.612,6090.0,1010.0,6.0,27.0,16.0,329.0,354.0,566.0,4128.0,30.0,11.0,6.8,406.0,1962.0,10.0,4.8,112.0,955.0,24.0,0.354,0.149,-55.35,207.0,78.0,0.377,20.0,11.0,0.55,49.0,27.0,0.551
70,Cincinnati Bengals,1,2015,16.0,12,4,419,279,140,8.8,1.9,5728.0,1004.0,5.7,17.0,8.0,324.0,334.0,505.0,3923.0,31.0,9.0,7.3,467.0,1805.0,18.0,3.9,111.0,917.0,34.0,0.396,0.093,82.59,201.0,81.0,0.4029999999999999,12.0,7.0,0.583,58.0,38.0,0.655,5453.0,1032.0,5.3,28.0,7.0,307.0,415.0,646.0,3976.0,18.0,21.0,5.8,344.0,1477.0,8.0,4.3,116.0,1063.0,31.0,0.289,0.15,40.96,218.0,86.0,0.3939999999999999,20.0,9.0,0.45,38.0,18.0,0.474
71,Houston Texans,1,2015,16.0,9,7,339,313,26,1.6,-2.4,5564.0,1127.0,4.9,20.0,8.0,335.0,358.0,619.0,3833.0,29.0,12.0,5.9,472.0,1731.0,7.0,3.7,107.0,910.0,35.0,0.289,0.098,-38.02,249.0,96.0,0.386,19.0,6.0,0.316,45.0,26.0,0.578,4963.0,986.0,5.0,25.0,11.0,281.0,326.0,553.0,3366.0,24.0,14.0,5.6,388.0,1597.0,10.0,4.1,116.0,991.0,29.0,0.273,0.111,46.6,214.0,61.0,0.285,12.0,7.0,0.583,39.0,22.0,0.564
72,New England Patriots,5,2016,16.0,14,2,441,250,191,11.9,-2.7,6180.0,1056.0,5.9,11.0,9.0,351.0,368.0,550.0,4308.0,32.0,2.0,7.5,482.0,1872.0,19.0,3.9,93.0,819.0,39.0,0.429,0.049,113.38,227.0,104.0,0.4579999999999999,12.0,8.0,0.667,60.0,38.0,0.633,5223.0,998.0,5.2,23.0,10.0,294.0,368.0,596.0,3806.0,21.0,13.0,6.0,368.0,1417.0,6.0,3.9,113.0,930.0,23.0,0.268,0.1119999999999999,108.15,206.0,76.0,0.369,18.0,7.0,0.389,44.0,23.0,0.523
73,Atlanta Falcons,4,2016,16.0,11,5,540,406,134,8.4,0.1,6653.0,995.0,6.7,11.0,4.0,379.0,374.0,537.0,4725.0,38.0,7.0,8.2,421.0,1928.0,20.0,4.6,104.0,848.0,32.0,0.526,0.063,212.07,178.0,75.0,0.421,14.0,8.0,0.5710000000000001,63.0,39.0,0.619,5939.0,1059.0,5.6,22.0,10.0,358.0,422.0,655.0,4267.0,31.0,12.0,6.2,370.0,1672.0,15.0,4.5,113.0,974.0,31.0,0.392,0.114,-34.14,213.0,89.0,0.418,25.0,18.0,0.72,55.0,40.0,0.727
74,Pittsburgh Steelers,3,2016,16.0,11,5,399,327,72,4.5,0.2,5962.0,1026.0,5.8,18.0,3.0,336.0,381.0,596.0,4202.0,33.0,15.0,6.8,409.0,1760.0,13.0,4.3,112.0,1068.0,29.0,0.385,0.099,-22.48,202.0,83.0,0.411,16.0,9.0,0.563,49.0,29.0,0.5920000000000001,5482.0,997.0,5.5,23.0,10.0,313.0,381.0,590.0,3882.0,20.0,13.0,6.2,369.0,1600.0,15.0,4.3,109.0,920.0,34.0,0.345,0.119,13.12,214.0,88.0,0.411,21.0,11.0,0.524,57.0,26.0,0.456
75,Green Bay Packers,3,2016,16.0,10,6,432,388,44,2.8,0.1,5900.0,1029.0,5.7,17.0,9.0,349.0,403.0,620.0,4199.0,40.0,8.0,6.4,374.0,1701.0,11.0,4.5,100.0,827.0,36.0,0.4379999999999999,0.091,115.16,210.0,98.0,0.467,17.0,7.0,0.412,66.0,40.0,0.606,5823.0,987.0,5.9,25.0,8.0,329.0,370.0,571.0,4308.0,32.0,17.0,7.1,376.0,1515.0,11.0,4.0,109.0,964.0,22.0,0.41,0.139,-29.27,199.0,82.0,0.412,18.0,12.0,0.667,45.0,28.0,0.622
76,Kansas City Chiefs,2,2016,16.0,12,4,389,311,78,4.9,0.7,5488.0,990.0,5.5,17.0,9.0,305.0,365.0,546.0,3740.0,19.0,8.0,6.5,412.0,1748.0,15.0,4.2,109.0,848.0,22.0,0.371,0.09,-23.04,213.0,81.0,0.38,14.0,10.0,0.7140000000000001,55.0,25.0,0.455,5896.0,1063.0,5.5,33.0,15.0,342.0,350.0,598.0,3958.0,23.0,18.0,6.3,437.0,1938.0,10.0,4.4,109.0,797.0,31.0,0.319,0.165,59.03,222.0,96.0,0.432,20.0,10.0,0.5,53.0,26.0,0.491
77,Dallas Cowboys,2,2016,16.0,13,3,421,306,115,7.2,-0.2,6027.0,1010.0,6.0,15.0,9.0,358.0,325.0,483.0,3631.0,25.0,6.0,7.1,499.0,2396.0,24.0,4.8,105.0,879.0,25.0,0.439,0.087,86.3,189.0,80.0,0.423,9.0,8.0,0.889,57.0,38.0,0.667,5503.0,1009.0,5.5,20.0,11.0,330.0,425.0,633.0,4167.0,25.0,9.0,6.2,340.0,1336.0,9.0,3.9,90.0,784.0,25.0,0.351,0.113,-27.42,197.0,77.0,0.391,14.0,9.0,0.643,54.0,29.0,0.537
78,Houston Texans,2,2016,16.0,9,7,279,328,-49,-3.1,0.4,5035.0,1071.0,4.7,24.0,8.0,305.0,347.0,583.0,3176.0,15.0,16.0,5.2,456.0,1859.0,8.0,4.1,87.0,868.0,30.0,0.314,0.114,-102.3,233.0,87.0,0.373,23.0,9.0,0.391,44.0,18.0,0.409,4821.0,950.0,5.1,17.0,6.0,272.0,319.0,522.0,3226.0,20.0,11.0,5.8,397.0,1595.0,13.0,4.0,114.0,949.0,28.0,0.317,0.091,88.96,213.0,82.0,0.385,13.0,3.0,0.231,44.0,23.0,0.523
79,Seattle Seahawks,2,2016,16.0,10,5,354,292,62,3.9,-1.7,5715.0,1012.0,5.6,18.0,6.0,313.0,368.0,567.0,4124.0,23.0,12.0,6.8,403.0,1591.0,13.0,3.9,117.0,970.0,25.0,0.373,0.0969999999999999,-11.48,207.0,79.0,0.382,11.0,4.0,0.364,56.0,26.0,0.4639999999999999,5099.0,1020.0,5.0,19.0,8.0,307.0,331.0,537.0,3612.0,16.0,11.0,6.2,441.0,1487.0,16.0,3.4,103.0,925.0,33.0,0.283,0.103,69.7,212.0,82.0,0.387,20.0,6.0,0.3,46.0,26.0,0.565
80,Miami Dolphins,1,2016,16.0,10,6,363,380,-17,-1.1,-1.3,5324.0,913.0,5.8,23.0,8.0,278.0,316.0,477.0,3500.0,27.0,15.0,6.9,406.0,1824.0,14.0,4.5,125.0,1142.0,21.0,0.307,0.111,-48.39,188.0,69.0,0.367,4.0,0.0,0.0,47.0,26.0,0.5529999999999999,6122.0,1088.0,5.6,25.0,9.0,349.0,368.0,591.0,3875.0,30.0,16.0,6.2,464.0,2247.0,12.0,4.8,109.0,919.0,41.0,0.351,0.129,-16.46,213.0,77.0,0.362,16.0,9.0,0.563,51.0,29.0,0.569
81,New York Giants,1,2016,16.0,11,5,310,284,26,1.6,0.5,5291.0,1018.0,5.2,27.0,11.0,289.0,377.0,598.0,3879.0,26.0,16.0,6.3,398.0,1412.0,6.0,3.5,88.0,857.0,26.0,0.275,0.13,-74.19,219.0,78.0,0.356,19.0,9.0,0.474,43.0,23.0,0.535,5435.0,1062.0,5.1,25.0,8.0,298.0,369.0,630.0,4018.0,15.0,17.0,6.0,397.0,1417.0,10.0,3.6,104.0,853.0,25.0,0.299,0.122,98.26,238.0,84.0,0.353,14.0,7.0,0.5,43.0,17.0,0.395
82,Detroit Lions,1,2016,16.0,9,7,346,358,-12,-0.8,-0.6,5421.0,981.0,5.5,15.0,5.0,329.0,388.0,594.0,4111.0,24.0,10.0,6.5,350.0,1310.0,9.0,3.7,100.0,861.0,36.0,0.41,0.09,30.86,195.0,83.0,0.426,10.0,7.0,0.7,48.0,26.0,0.542,5676.0,964.0,5.9,14.0,4.0,333.0,399.0,549.0,3975.0,33.0,10.0,6.9,389.0,1701.0,8.0,4.4,122.0,979.0,28.0,0.3939999999999999,0.088,-88.0,198.0,90.0,0.455,8.0,3.0,0.375,53.0,36.0,0.679
83,Oakland Raiders,1,2016,16.0,12,4,416,385,31,1.9,1.3,5973.0,1048.0,5.7,14.0,7.0,333.0,379.0,596.0,4051.0,29.0,7.0,6.6,434.0,1922.0,17.0,4.4,147.0,1247.0,37.0,0.387,0.072,-24.48,218.0,83.0,0.381,13.0,6.0,0.462,56.0,32.0,0.5710000000000001,6001.0,987.0,6.1,30.0,14.0,318.0,328.0,541.0,4120.0,27.0,16.0,7.3,421.0,1881.0,18.0,4.5,115.0,1062.0,36.0,0.353,0.142,-28.15,198.0,78.0,0.3939999999999999,15.0,4.0,0.267,57.0,33.0,0.579
84,Philadelphia Eagles,5,2017,16.0,13,3,457,295,162,10.1,-0.7,5852.0,1073.0,5.5,20.0,11.0,338.0,341.0,564.0,3737.0,38.0,9.0,6.2,473.0,2115.0,9.0,4.5,116.0,962.0,37.0,0.4029999999999999,0.094,21.06,230.0,96.0,0.417,26.0,17.0,0.654,55.0,36.0,0.655,4904.0,976.0,5.0,31.0,12.0,272.0,363.0,601.0,3637.0,24.0,19.0,5.7,337.0,1267.0,7.0,3.8,101.0,917.0,33.0,0.271,0.154,162.09,205.0,66.0,0.322,18.0,4.0,0.222,38.0,21.0,0.5529999999999999
85,New England Patriots,4,2017,16.0,13,3,458,296,162,10.1,-1.2,6307.0,1070.0,5.9,12.0,4.0,389.0,389.0,587.0,4418.0,32.0,8.0,7.1,448.0,1889.0,16.0,4.2,95.0,835.0,50.0,0.494,0.069,114.84,202.0,82.0,0.406,13.0,8.0,0.615,70.0,42.0,0.6,5856.0,1022.0,5.7,18.0,6.0,325.0,367.0,590.0,4020.0,24.0,12.0,6.4,390.0,1836.0,6.0,4.7,111.0,1035.0,23.0,0.302,0.099,12.09,208.0,82.0,0.3939999999999999,23.0,10.0,0.435,48.0,21.0,0.4379999999999999
86,Minnesota Vikings,3,2017,16.0,13,3,382,252,130,8.1,1.0,5710.0,1055.0,5.4,14.0,6.0,334.0,357.0,527.0,3753.0,25.0,8.0,6.8,501.0,1957.0,15.0,3.9,100.0,949.0,38.0,0.389,0.076,-54.08,216.0,94.0,0.435,7.0,1.0,0.143,57.0,33.0,0.579,4415.0,956.0,4.6,19.0,5.0,260.0,324.0,555.0,3078.0,13.0,14.0,5.2,364.0,1337.0,10.0,3.7,105.0,928.0,33.0,0.2789999999999999,0.1009999999999999,145.07,202.0,51.0,0.252,23.0,9.0,0.391,40.0,16.0,0.4
87,Jacksonville Jaguars,3,2017,16.0,10,6,417,268,149,9.3,-2.8,5855.0,1078.0,5.4,23.0,10.0,332.0,316.0,527.0,3593.0,21.0,13.0,6.5,527.0,2262.0,18.0,4.3,112.0,936.0,38.0,0.347,0.111,-36.01,227.0,85.0,0.374,13.0,10.0,0.769,50.0,32.0,0.64,4578.0,993.0,4.6,33.0,12.0,257.0,289.0,509.0,2718.0,17.0,21.0,4.8,429.0,1860.0,9.0,4.3,112.0,1050.0,23.0,0.239,0.156,252.15,220.0,74.0,0.336,13.0,6.0,0.462,28.0,11.0,0.3929999999999999
88,Pittsburgh Steelers,2,2017,16.0,13,3,406,308,98,6.1,-1.1,6047.0,1051.0,5.8,20.0,5.0,348.0,384.0,590.0,4380.0,29.0,15.0,7.1,437.0,1667.0,12.0,3.8,101.0,897.0,35.0,0.43,0.106,-32.55,209.0,92.0,0.44,8.0,3.0,0.375,63.0,32.0,0.508,4910.0,940.0,5.2,22.0,6.0,270.0,297.0,499.0,3217.0,20.0,16.0,5.8,385.0,1693.0,14.0,4.4,110.0,1041.0,24.0,0.303,0.124,31.72,199.0,72.0,0.362,19.0,6.0,0.316,39.0,24.0,0.615
89,New Orleans Saints,2,2017,16.0,11,5,448,326,122,7.6,1.5,6259.0,1000.0,6.3,18.0,10.0,332.0,386.0,536.0,4189.0,23.0,8.0,7.5,444.0,2070.0,23.0,4.7,105.0,967.0,20.0,0.446,0.091,7.38,194.0,73.0,0.376,15.0,12.0,0.8,55.0,32.0,0.5820000000000001,5384.0,1002.0,5.4,25.0,5.0,308.0,329.0,554.0,3597.0,22.0,20.0,6.0,406.0,1787.0,11.0,4.4,108.0,850.0,44.0,0.3329999999999999,0.136,64.3,212.0,87.0,0.41,12.0,4.0,0.3329999999999999,48.0,25.0,0.521
90,Atlanta Falcons,2,2017,16.0,10,6,353,315,38,2.4,1.9,5837.0,984.0,5.9,18.0,6.0,330.0,343.0,530.0,3990.0,21.0,12.0,7.2,430.0,1847.0,12.0,4.3,102.0,918.0,29.0,0.412,0.103,-46.05,197.0,88.0,0.447,13.0,4.0,0.308,54.0,27.0,0.5,5094.0,994.0,5.1,16.0,8.0,323.0,362.0,553.0,3429.0,22.0,8.0,5.8,402.0,1665.0,9.0,4.1,103.0,880.0,29.0,0.36,0.091,127.47,196.0,75.0,0.3829999999999999,19.0,13.0,0.684,48.0,22.0,0.4579999999999999
91,Tennessee Titans,2,2017,16.0,9,7,334,356,-22,-1.4,-2.1,5024.0,974.0,5.2,25.0,8.0,290.0,306.0,496.0,3191.0,14.0,17.0,6.0,443.0,1833.0,18.0,4.1,85.0,785.0,36.0,0.351,0.126,-134.32,202.0,71.0,0.351,10.0,5.0,0.5,40.0,21.0,0.525,5248.0,1046.0,5.0,21.0,9.0,323.0,369.0,605.0,3828.0,27.0,12.0,5.9,398.0,1420.0,5.0,3.6,119.0,942.0,24.0,0.373,0.108,77.51,214.0,78.0,0.364,16.0,10.0,0.625,56.0,27.0,0.482
92,Carolina Panthers,1,2017,16.0,11,5,363,327,36,2.3,2.1,5179.0,1026.0,5.0,22.0,6.0,320.0,293.0,501.0,3077.0,22.0,16.0,5.7,490.0,2102.0,15.0,4.3,83.0,682.0,32.0,0.374,0.1169999999999999,-100.34,222.0,93.0,0.419,11.0,5.0,0.455,52.0,28.0,0.5379999999999999,5074.0,953.0,5.3,21.0,11.0,282.0,351.0,550.0,3665.0,25.0,10.0,6.1,353.0,1409.0,7.0,4.0,101.0,867.0,26.0,0.3389999999999999,0.1169999999999999,102.03,206.0,78.0,0.379,20.0,7.0,0.35,44.0,21.0,0.477
93,Buffalo Bills,1,2017,16.0,9,7,302,359,-57,-3.6,-0.5,4842.0,1010.0,4.8,16.0,6.0,278.0,289.0,476.0,2825.0,16.0,10.0,5.4,487.0,2017.0,12.0,4.1,98.0,872.0,24.0,0.317,0.089,-156.16,241.0,101.0,0.419,15.0,2.0,0.133,44.0,23.0,0.523,5682.0,1066.0,5.3,25.0,7.0,348.0,370.0,573.0,3688.0,14.0,18.0,6.1,466.0,1994.0,22.0,4.3,97.0,873.0,28.0,0.372,0.131,86.45,214.0,82.0,0.3829999999999999,20.0,11.0,0.55,57.0,30.0,0.526
94,Kansas City Chiefs,1,2017,16.0,10,6,415,339,76,4.8,-1.3,6007.0,985.0,6.1,11.0,3.0,322.0,363.0,543.0,4104.0,26.0,8.0,7.1,405.0,1903.0,12.0,4.7,118.0,1044.0,29.0,0.449,0.063,-22.58,199.0,78.0,0.392,10.0,3.0,0.3,50.0,21.0,0.42,5842.0,1044.0,5.6,26.0,10.0,352.0,325.0,570.0,3952.0,23.0,16.0,6.6,443.0,1890.0,15.0,4.3,107.0,864.0,36.0,0.335,0.134,37.66,207.0,83.0,0.401,17.0,9.0,0.529,51.0,28.0,0.5489999999999999
95,Los Angeles Rams,1,2017,16.0,11,5,478,329,149,9.3,-0.2,5784.0,1000.0,5.8,21.0,14.0,311.0,320.0,518.0,3831.0,28.0,7.0,7.0,454.0,1953.0,17.0,4.3,107.0,922.0,29.0,0.4529999999999999,0.095,-43.18,214.0,88.0,0.411,12.0,5.0,0.417,69.0,38.0,0.551,5432.0,1021.0,5.3,28.0,10.0,300.0,324.0,555.0,3475.0,21.0,18.0,5.8,418.0,1957.0,15.0,4.7,102.0,808.0,33.0,0.306,0.14,100.44,227.0,86.0,0.379,15.0,9.0,0.6,46.0,27.0,0.5870000000000001
96,New England Patriots,5,2018,16.0,11,5,436,325,111,6.9,-1.8,6295.0,1073.0,5.9,18.0,7.0,365.0,378.0,574.0,4258.0,29.0,11.0,7.2,478.0,2037.0,18.0,4.3,93.0,744.0,28.0,0.408,0.092,190.96,201.0,82.0,0.408,14.0,7.0,0.5,57.0,34.0,0.596,5746.0,1002.0,5.7,28.0,10.0,322.0,370.0,605.0,3943.0,29.0,18.0,6.2,367.0,1803.0,7.0,4.9,91.0,838.0,21.0,0.326,0.15,-32.66,197.0,76.0,0.386,16.0,6.0,0.375,46.0,27.0,0.5870000000000001
97,Los Angeles Rams,4,2018,16.0,13,3,527,384,143,8.9,-0.4,6738.0,1060.0,6.4,19.0,7.0,401.0,368.0,568.0,4507.0,32.0,12.0,7.5,459.0,2231.0,23.0,4.9,96.0,878.0,31.0,0.486,0.098,239.79,191.0,86.0,0.45,15.0,6.0,0.4,80.0,46.0,0.575,5737.0,960.0,6.0,30.0,12.0,322.0,347.0,533.0,3780.0,31.0,18.0,6.6,386.0,1957.0,12.0,5.1,99.0,852.0,36.0,0.382,0.1689999999999999,-74.04,188.0,70.0,0.372,15.0,9.0,0.6,52.0,30.0,0.5770000000000001
98,New Orleans Saints,3,2018,16.0,13,3,504,353,151,9.4,0.6,6067.0,1010.0,6.0,16.0,9.0,377.0,381.0,519.0,4042.0,33.0,7.0,7.5,471.0,2025.0,26.0,4.3,94.0,939.0,33.0,0.518,0.095,237.73,184.0,82.0,0.446,16.0,13.0,0.813,69.0,48.0,0.696,5585.0,978.0,5.7,24.0,12.0,333.0,384.0,573.0,4302.0,30.0,12.0,6.9,356.0,1283.0,12.0,3.6,85.0,814.0,37.0,0.36,0.146,-83.8,189.0,78.0,0.413,29.0,14.0,0.483,49.0,31.0,0.633
99,Kansas City Chiefs,3,2018,16.0,12,4,565,421,144,9.0,-0.1,6810.0,996.0,6.8,18.0,6.0,384.0,385.0,583.0,4955.0,50.0,12.0,8.1,387.0,1855.0,16.0,4.8,137.0,1152.0,37.0,0.526,0.105,298.14,176.0,83.0,0.472,15.0,12.0,0.8,71.0,51.0,0.718,6488.0,1109.0,5.9,27.0,12.0,419.0,406.0,632.0,4374.0,30.0,15.0,6.4,425.0,2114.0,19.0,5.0,107.0,881.0,43.0,0.408,0.149,-163.28,193.0,80.0,0.415,27.0,18.0,0.667,58.0,42.0,0.7240000000000001
100,Los Angeles Chargers,2,2018,16.0,12,4,428,329,99,6.2,-0.2,5962.0,945.0,6.3,19.0,7.0,338.0,348.0,512.0,4089.0,32.0,12.0,7.5,399.0,1873.0,16.0,4.7,113.0,967.0,25.0,0.424,0.1,170.19,177.0,70.0,0.395,8.0,7.0,0.875,53.0,34.0,0.642,5339.0,981.0,5.4,20.0,7.0,311.0,351.0,548.0,3646.0,23.0,13.0,6.2,395.0,1693.0,11.0,4.3,103.0,828.0,32.0,0.337,0.118,-38.61,202.0,79.0,0.391,20.0,11.0,0.55,50.0,25.0,0.5
101,Philadelphia Eagles,2,2018,16.0,9,7,367,348,19,1.2,0.5,5845.0,1037.0,5.6,23.0,12.0,346.0,422.0,599.0,4275.0,29.0,11.0,6.7,398.0,1570.0,12.0,3.9,100.0,852.0,31.0,0.381,0.125,91.97,205.0,84.0,0.41,23.0,14.0,0.609,57.0,33.0,0.579,5859.0,1002.0,5.8,17.0,7.0,308.0,417.0,626.0,4308.0,22.0,10.0,6.4,332.0,1551.0,14.0,4.7,115.0,995.0,22.0,0.386,0.091,-90.19,201.0,71.0,0.353,19.0,11.0,0.579,56.0,25.0,0.446
102,Dallas Cowboys,2,2018,16.0,10,6,339,324,15,0.9,0.2,5501.0,1022.0,5.4,17.0,9.0,322.0,356.0,527.0,3538.0,22.0,8.0,6.1,439.0,1963.0,13.0,4.5,104.0,885.0,25.0,0.379,0.1009999999999999,83.04,215.0,89.0,0.414,21.0,12.0,0.5710000000000001,50.0,24.0,0.48,5268.0,981.0,5.4,20.0,11.0,309.0,367.0,542.0,3755.0,22.0,9.0,6.5,400.0,1513.0,12.0,3.8,89.0,681.0,27.0,0.365,0.12,-52.66,201.0,85.0,0.423,14.0,6.0,0.429,49.0,25.0,0.51
103,Indianapolis Colts,2,2018,16.0,10,6,433,344,89,5.6,-2.2,6179.0,1070.0,5.8,24.0,9.0,371.0,432.0,644.0,4461.0,39.0,15.0,6.7,408.0,1718.0,13.0,4.2,120.0,953.0,38.0,0.412,0.132,140.47,214.0,104.0,0.486,15.0,7.0,0.467,64.0,44.0,0.688,5435.0,997.0,5.5,26.0,11.0,315.0,384.0,542.0,3805.0,21.0,15.0,6.6,417.0,1630.0,12.0,3.9,131.0,1115.0,25.0,0.355,0.145,-37.23,200.0,82.0,0.41,15.0,7.0,0.467,43.0,23.0,0.535
104,Baltimore Ravens,1,2018,16.0,10,6,389,287,102,6.4,0.6,5999.0,1135.0,5.3,20.0,11.0,367.0,334.0,556.0,3558.0,18.0,9.0,6.1,547.0,2441.0,19.0,4.5,116.0,940.0,30.0,0.407,0.107,72.85,231.0,104.0,0.45,22.0,13.0,0.591,59.0,33.0,0.5589999999999999,4687.0,974.0,4.8,17.0,5.0,286.0,337.0,577.0,3360.0,21.0,12.0,5.4,354.0,1327.0,11.0,3.7,113.0,1017.0,30.0,0.291,0.095,39.88,211.0,72.0,0.341,20.0,10.0,0.5,41.0,26.0,0.634
105,Chicago Bears,1,2018,16.0,12,4,421,283,138,8.6,-2.3,5502.0,1013.0,5.4,24.0,10.0,331.0,344.0,512.0,3564.0,28.0,14.0,6.5,468.0,1938.0,16.0,4.1,97.0,796.0,46.0,0.368,0.132,96.31,200.0,82.0,0.41,15.0,9.0,0.6,54.0,36.0,0.667,4795.0,1004.0,4.8,36.0,9.0,278.0,377.0,615.0,3515.0,22.0,27.0,5.3,339.0,1280.0,5.0,3.8,114.0,1022.0,25.0,0.286,0.195,95.5,219.0,75.0,0.342,28.0,16.0,0.5710000000000001,40.0,20.0,0.5
106,Seattle Seahawks,1,2018,16.0,10,6,428,347,81,5.1,-0.6,5653.0,1012.0,5.6,11.0,4.0,329.0,280.0,427.0,3093.0,35.0,7.0,6.5,534.0,2560.0,15.0,4.8,111.0,959.0,40.0,0.3979999999999999,0.061,128.78,208.0,81.0,0.389,14.0,11.0,0.7859999999999999,55.0,36.0,0.655,5653.0,955.0,5.9,26.0,14.0,323.0,355.0,546.0,3842.0,26.0,12.0,6.5,366.0,1811.0,9.0,4.9,108.0,981.0,31.0,0.352,0.142,-61.32,183.0,64.0,0.35,13.0,6.0,0.462,51.0,25.0,0.49
107,Houston Texans,1,2018,16.0,11,5,402,316,86,5.4,-1.5,5802.0,1040.0,5.6,16.0,7.0,333.0,345.0,506.0,3781.0,26.0,9.0,6.7,472.0,2021.0,12.0,4.3,105.0,787.0,37.0,0.4029999999999999,0.081,84.1,208.0,77.0,0.37,12.0,8.0,0.667,60.0,30.0,0.5,5490.0,1022.0,5.4,29.0,14.0,298.0,385.0,594.0,4167.0,28.0,15.0,6.5,385.0,1323.0,8.0,3.4,117.0,945.0,22.0,0.316,0.139,-10.29,227.0,91.0,0.401,20.0,12.0,0.6,41.0,29.0,0.7070000000000001
108,Kansas City Chiefs,5,2019,16.0,12,4,451,308,143,8.9,0.2,6067.0,976.0,6.2,15.0,10.0,350.0,378.0,576.0,4498.0,30.0,5.0,7.5,375.0,1569.0,16.0,4.2,107.0,1029.0,46.0,0.488,0.079,263.38,187.0,89.0,0.476,10.0,6.0,0.6,50.0,27.0,0.54,5594.0,1043.0,5.4,23.0,7.0,344.0,352.0,582.0,3543.0,21.0,16.0,5.7,416.0,2051.0,14.0,4.9,116.0,844.0,39.0,0.341,0.134,-56.69,202.0,75.0,0.371,31.0,16.0,0.516,57.0,29.0,0.509
109,San Francisco 49ers,4,2019,16.0,13,3,479,310,169,10.6,0.4,6097.0,1012.0,6.0,23.0,10.0,336.0,331.0,478.0,3792.0,28.0,13.0,7.4,498.0,2305.0,23.0,4.6,105.0,939.0,31.0,0.4429999999999999,0.12,140.39,200.0,90.0,0.45,12.0,7.0,0.583,62.0,33.0,0.532,4509.0,968.0,4.7,27.0,15.0,285.0,318.0,519.0,2707.0,23.0,12.0,4.8,401.0,1802.0,11.0,4.5,116.0,957.0,30.0,0.288,0.141,84.41,192.0,64.0,0.3329999999999999,25.0,8.0,0.32,40.0,24.0,0.6
110,Green Bay Packers,3,2019,16.0,13,3,376,313,63,3.9,-0.7,5528.0,1020.0,5.4,13.0,9.0,320.0,356.0,573.0,3733.0,26.0,4.0,6.1,411.0,1795.0,18.0,4.4,100.0,774.0,40.0,0.373,0.068,113.4,203.0,73.0,0.36,14.0,7.0,0.5,50.0,32.0,0.64,5642.0,998.0,5.7,25.0,8.0,310.0,326.0,546.0,3721.0,19.0,17.0,6.3,411.0,1921.0,15.0,4.7,97.0,968.0,20.0,0.3429999999999999,0.14,-59.65,197.0,75.0,0.381,18.0,8.0,0.444,48.0,24.0,0.5
111,Tennessee Titans,3,2019,16.0,9,7,402,331,71,4.4,-1.0,5805.0,949.0,6.1,17.0,9.0,317.0,297.0,448.0,3582.0,29.0,8.0,7.1,445.0,2223.0,21.0,5.0,99.0,932.0,36.0,0.314,0.086,115.88,185.0,70.0,0.3779999999999999,14.0,4.0,0.286,45.0,34.0,0.7559999999999999,5752.0,1056.0,5.4,23.0,9.0,335.0,386.0,598.0,4080.0,25.0,14.0,6.4,415.0,1672.0,14.0,4.0,125.0,1025.0,27.0,0.317,0.1159999999999999,-49.2,204.0,74.0,0.363,25.0,10.0,0.4,47.0,32.0,0.6809999999999999
112,Seattle Seahawks,2,2019,16.0,11,5,405,398,7,0.4,2.3,5991.0,1046.0,5.7,20.0,14.0,341.0,341.0,517.0,3791.0,31.0,6.0,6.7,481.0,2200.0,15.0,4.6,109.0,882.0,30.0,0.365,0.106,86.55,200.0,79.0,0.395,14.0,7.0,0.5,60.0,38.0,0.633,6106.0,1014.0,6.0,32.0,16.0,346.0,383.0,598.0,4223.0,19.0,16.0,6.7,388.0,1883.0,22.0,4.9,96.0,798.0,25.0,0.369,0.162,-83.02,185.0,71.0,0.384,12.0,7.0,0.583,52.0,32.0,0.615
113,Houston Texans,2,2019,16.0,10,6,378,385,-7,-0.4,1.0,5792.0,1017.0,5.7,22.0,8.0,346.0,355.0,534.0,3783.0,27.0,14.0,6.5,434.0,2009.0,17.0,4.6,111.0,892.0,31.0,0.379,0.124,118.67,193.0,84.0,0.435,25.0,13.0,0.52,53.0,34.0,0.642,6213.0,1020.0,6.1,22.0,10.0,346.0,375.0,586.0,4276.0,33.0,12.0,6.9,403.0,1937.0,12.0,4.8,109.0,859.0,28.0,0.3879999999999999,0.129,-155.87,202.0,98.0,0.485,16.0,7.0,0.4379999999999999,49.0,35.0,0.7140000000000001
114,Baltimore Ravens,2,2019,16.0,14,2,531,282,249,15.6,0.1,6521.0,1064.0,6.1,15.0,7.0,386.0,289.0,440.0,3225.0,37.0,8.0,6.9,596.0,3296.0,21.0,5.5,109.0,867.0,27.0,0.518,0.084,239.99,187.0,88.0,0.471,24.0,17.0,0.708,64.0,43.0,0.672,4809.0,921.0,5.2,25.0,12.0,276.0,318.0,544.0,3315.0,15.0,13.0,5.7,340.0,1494.0,12.0,4.4,97.0,795.0,39.0,0.325,0.145,21.61,194.0,72.0,0.371,18.0,6.0,0.3329999999999999,44.0,21.0,0.477
115,Minnesota Vikings,2,2019,16.0,10,6,407,303,104,6.5,-1.1,5656.0,970.0,5.8,20.0,12.0,314.0,319.0,466.0,3523.0,26.0,8.0,7.1,476.0,2133.0,19.0,4.5,96.0,895.0,37.0,0.416,0.104,98.01,194.0,83.0,0.428,15.0,8.0,0.5329999999999999,56.0,34.0,0.607,5465.0,1053.0,5.2,31.0,14.0,324.0,394.0,601.0,3737.0,23.0,17.0,5.8,404.0,1728.0,8.0,4.3,83.0,713.0,31.0,0.347,0.173,-3.88,214.0,85.0,0.397,29.0,16.0,0.552,48.0,21.0,0.4379999999999999
116,Philadelphia Eagles,1,2019,16.0,9,7,385,354,31,1.9,-1.7,5772.0,1104.0,5.2,23.0,15.0,354.0,391.0,613.0,3833.0,27.0,8.0,5.9,454.0,1939.0,16.0,4.3,100.0,836.0,35.0,0.348,0.107,59.85,229.0,104.0,0.4539999999999999,24.0,8.0,0.3329999999999999,54.0,36.0,0.667,5307.0,967.0,5.5,20.0,9.0,289.0,348.0,571.0,3865.0,27.0,11.0,6.3,353.0,1442.0,13.0,4.1,115.0,959.0,28.0,0.335,0.1009999999999999,-24.57,205.0,70.0,0.341,18.0,11.0,0.611,43.0,24.0,0.5579999999999999
117,New Orleans Saints,1,2019,16.0,13,3,458,341,117,7.3,0.0,5982.0,1011.0,5.9,8.0,2.0,347.0,418.0,581.0,4244.0,36.0,6.0,7.0,405.0,1738.0,12.0,4.3,120.0,1036.0,20.0,0.462,0.04,163.04,192.0,81.0,0.422,13.0,5.0,0.385,57.0,34.0,0.596,5329.0,999.0,5.3,23.0,10.0,311.0,371.0,603.0,3868.0,27.0,13.0,5.9,345.0,1461.0,12.0,4.2,92.0,713.0,43.0,0.351,0.126,-38.89,210.0,73.0,0.348,25.0,11.0,0.44,47.0,28.0,0.596
118,New England Patriots,1,2019,16.0,12,4,420,225,195,12.2,-1.8,5664.0,1095.0,5.2,15.0,6.0,338.0,378.0,620.0,3961.0,25.0,9.0,6.1,447.0,1703.0,17.0,3.8,94.0,828.0,31.0,0.363,0.074,34.62,227.0,87.0,0.3829999999999999,15.0,6.0,0.4,60.0,30.0,0.5,4414.0,948.0,4.7,36.0,11.0,261.0,303.0,536.0,2886.0,13.0,25.0,5.0,365.0,1528.0,7.0,4.2,107.0,920.0,39.0,0.191,0.17,166.75,195.0,47.0,0.241,22.0,8.0,0.364,29.0,14.0,0.483
119,Buffalo Bills,1,2019,16.0,10,6,314,259,55,3.4,-1.3,5283.0,1018.0,5.2,19.0,7.0,314.0,299.0,513.0,3229.0,21.0,12.0,5.8,465.0,2054.0,13.0,4.4,117.0,927.0,32.0,0.301,0.102,6.66,212.0,76.0,0.358,18.0,8.0,0.444,44.0,25.0,0.568,4772.0,985.0,4.8,23.0,9.0,295.0,348.0,553.0,3123.0,15.0,14.0,5.2,388.0,1649.0,12.0,4.3,94.0,815.0,33.0,0.236,0.121,48.85,212.0,76.0,0.358,21.0,8.0,0.381,43.0,24.0,0.5579999999999999
120,Tampa Bay Buccaneers,5,2020,16.0,11,5,492,355,137,8.6,0.8,6145.0,1017.0,6.0,17.0,5.0,364.0,410.0,626.0,4626.0,42.0,12.0,7.1,369.0,1519.0,16.0,4.1,84.0,715.0,44.0,0.478,0.089,246.24,191.0,83.0,0.435,14.0,8.0,0.5710000000000001,61.0,42.0,0.6890000000000001,5234.0,1023.0,5.1,25.0,10.0,319.0,426.0,617.0,3945.0,29.0,15.0,5.9,358.0,1289.0,10.0,3.6,95.0,1015.0,26.0,0.337,0.14,-22.04,205.0,82.0,0.4,25.0,14.0,0.56,51.0,32.0,0.627
121,Kansas City Chiefs,4,2020,16.0,14,2,473,362,111,6.9,-0.1,6653.0,1057.0,6.3,16.0,9.0,397.0,420.0,630.0,4854.0,40.0,7.0,7.4,403.0,1799.0,13.0,4.5,105.0,919.0,32.0,0.479,0.092,280.82,194.0,95.0,0.49,16.0,9.0,0.563,59.0,36.0,0.61,5733.0,1022.0,5.6,22.0,6.0,353.0,349.0,557.0,3779.0,29.0,16.0,6.4,433.0,1954.0,14.0,4.5,97.0,760.0,38.0,0.361,0.13,-127.89,188.0,77.0,0.41,20.0,13.0,0.65,47.0,36.0,0.7659999999999999
122,Green Bay Packers,3,2020,16.0,13,3,509,369,140,8.8,-1.1,6224.0,990.0,6.3,11.0,6.0,358.0,372.0,526.0,4106.0,48.0,5.0,7.5,443.0,2118.0,16.0,4.8,84.0,684.0,28.0,0.497,0.0559999999999999,290.75,180.0,89.0,0.494,21.0,13.0,0.619,60.0,48.0,0.8,5344.0,974.0,5.5,18.0,7.0,332.0,346.0,536.0,3539.0,23.0,11.0,6.1,397.0,1805.0,16.0,4.5,79.0,734.0,29.0,0.3989999999999999,0.114,-109.67,185.0,73.0,0.395,24.0,14.0,0.583,52.0,30.0,0.5770000000000001
123,Buffalo Bills,3,2020,16.0,13,3,501,375,126,7.9,-0.2,6343.0,1034.0,6.1,22.0,11.0,397.0,410.0,596.0,4620.0,40.0,11.0,7.4,411.0,1723.0,16.0,4.2,102.0,941.0,38.0,0.494,0.118,228.66,187.0,93.0,0.497,10.0,8.0,0.8,68.0,42.0,0.618,5640.0,1025.0,5.5,26.0,11.0,351.0,369.0,573.0,3726.0,23.0,15.0,6.1,414.0,1914.0,21.0,4.6,86.0,728.0,27.0,0.3939999999999999,0.153,-123.1,191.0,76.0,0.3979999999999999,19.0,11.0,0.579,58.0,38.0,0.655
124,New Orleans Saints,2,2020,16.0,12,4,482,337,145,9.1,0.5,6023.0,1045.0,5.8,17.0,9.0,367.0,370.0,522.0,3758.0,28.0,8.0,6.8,494.0,2265.0,30.0,4.6,98.0,1005.0,21.0,0.455,0.09,176.94,208.0,93.0,0.447,16.0,11.0,0.688,68.0,49.0,0.721,4974.0,992.0,5.0,26.0,8.0,320.0,333.0,557.0,3472.0,28.0,18.0,5.8,390.0,1502.0,11.0,3.9,64.0,517.0,50.0,0.347,0.131,-40.02,207.0,79.0,0.382,30.0,16.0,0.5329999999999999,50.0,34.0,0.68
125,Cleveland Browns,2,2020,16.0,11,5,408,419,-11,-0.7,-1.9,5913.0,1022.0,5.8,16.0,8.0,355.0,315.0,501.0,3539.0,27.0,8.0,6.7,495.0,2374.0,21.0,4.8,100.0,870.0,27.0,0.406,0.0969999999999999,159.48,196.0,88.0,0.449,24.0,8.0,0.3329999999999999,53.0,39.0,0.736,5735.0,1035.0,5.5,21.0,10.0,352.0,371.0,585.0,3962.0,31.0,11.0,6.4,412.0,1773.0,16.0,4.3,84.0,690.0,22.0,0.43,0.127,-150.42,205.0,90.0,0.439,27.0,22.0,0.815,61.0,37.0,0.607
126,Baltimore Ravens,2,2020,16.0,11,5,468,303,165,10.3,-2.0,5810.0,993.0,5.9,18.0,7.0,327.0,257.0,406.0,2739.0,27.0,11.0,6.3,555.0,3071.0,24.0,5.5,104.0,961.0,19.0,0.4529999999999999,0.106,148.3,207.0,101.0,0.488,19.0,12.0,0.632,60.0,38.0,0.633,5276.0,1017.0,5.2,22.0,12.0,347.0,380.0,596.0,3536.0,22.0,10.0,5.6,382.0,1740.0,12.0,4.6,77.0,646.0,38.0,0.3,0.124,-17.69,191.0,65.0,0.34,35.0,16.0,0.457,45.0,28.0,0.622
127,Los Angeles Rams,2,2020,16.0,10,6,372,296,76,4.8,0.7,6032.0,1088.0,5.5,25.0,11.0,352.0,392.0,590.0,4014.0,20.0,14.0,6.5,473.0,2018.0,19.0,4.3,71.0,655.0,23.0,0.342,0.125,57.24,226.0,98.0,0.434,17.0,8.0,0.471,57.0,33.0,0.579,4511.0,989.0,4.6,22.0,8.0,280.0,347.0,548.0,3051.0,17.0,14.0,5.1,388.0,1460.0,12.0,3.8,78.0,582.0,19.0,0.2789999999999999,0.12,85.89,209.0,74.0,0.354,21.0,9.0,0.429,46.0,27.0,0.5870000000000001
128,Tennessee Titans,1,2020,16.0,11,5,491,439,52,3.3,-1.7,6343.0,1031.0,6.2,12.0,5.0,381.0,316.0,485.0,3653.0,33.0,7.0,7.2,521.0,2690.0,26.0,5.2,86.0,783.0,36.0,0.479,0.072,245.01,182.0,84.0,0.462,16.0,10.0,0.625,64.0,48.0,0.75,6372.0,1076.0,5.9,23.0,8.0,391.0,423.0,630.0,4439.0,36.0,15.0,6.8,427.0,1933.0,18.0,4.5,103.0,840.0,31.0,0.452,0.133,-185.2,214.0,111.0,0.519,26.0,15.0,0.5770000000000001,65.0,45.0,0.6920000000000001
129,Chicago Bears,1,2020,16.0,8,8,372,370,2,0.1,0.1,5302.0,1043.0,5.1,22.0,6.0,335.0,402.0,614.0,3655.0,26.0,16.0,5.6,393.0,1647.0,12.0,4.2,88.0,777.0,24.0,0.389,0.12,34.92,205.0,71.0,0.346,28.0,17.0,0.607,55.0,31.0,0.564,5519.0,1020.0,5.4,18.0,8.0,331.0,350.0,547.0,3705.0,28.0,10.0,6.4,438.0,1814.0,11.0,4.1,95.0,861.0,37.0,0.38,0.089,-90.3,210.0,80.0,0.381,22.0,13.0,0.591,53.0,29.0,0.547
130,Pittsburgh Steelers,1,2020,16.0,12,4,416,312,104,6.5,-1.8,5354.0,1043.0,5.1,18.0,7.0,322.0,428.0,656.0,4003.0,35.0,11.0,6.0,373.0,1351.0,12.0,3.6,81.0,691.0,35.0,0.372,0.085,78.22,230.0,97.0,0.422,19.0,10.0,0.526,52.0,33.0,0.635,4893.0,996.0,4.9,27.0,9.0,281.0,298.0,526.0,3110.0,22.0,18.0,5.3,414.0,1783.0,13.0,4.3,103.0,980.0,24.0,0.293,0.138,33.24,222.0,83.0,0.374,20.0,5.0,0.25,45.0,25.0,0.556
131,Washington Football Team,1,2020,16.0,7,9,335,329,6,0.4,-1.2,5076.0,1051.0,4.8,27.0,11.0,322.0,389.0,601.0,3465.0,16.0,16.0,5.3,400.0,1611.0,18.0,4.0,87.0,697.0,30.0,0.3329999999999999,0.131,-10.43,225.0,88.0,0.391,19.0,11.0,0.579,47.0,27.0,0.574,4873.0,1004.0,4.9,23.0,7.0,289.0,330.0,529.0,3068.0,21.0,16.0,5.3,428.0,1805.0,14.0,4.2,85.0,708.0,28.0,0.314,0.122,32.51,216.0,81.0,0.375,24.0,9.0,0.375,43.0,23.0,0.535
132,Seattle Seahawks,1,2020,16.0,12,4,459,371,88,5.5,0.0,5912.0,1022.0,5.8,18.0,5.0,356.0,388.0,563.0,3941.0,40.0,13.0,6.5,411.0,1971.0,15.0,4.8,84.0,662.0,29.0,0.444,0.1009999999999999,129.24,189.0,76.0,0.402,14.0,8.0,0.5710000000000001,56.0,41.0,0.732,6089.0,1112.0,5.5,22.0,8.0,376.0,450.0,674.0,4560.0,23.0,14.0,6.3,392.0,1529.0,18.0,3.9,94.0,803.0,26.0,0.4,0.12,-85.81,223.0,105.0,0.471,23.0,10.0,0.435,56.0,35.0,0.625
133,Indianapolis Colts,1,2020,16.0,11,5,451,362,89,5.6,-2.8,6049.0,1032.0,5.9,15.0,4.0,364.0,371.0,552.0,4053.0,24.0,11.0,7.1,459.0,1996.0,20.0,4.3,94.0,899.0,34.0,0.444,0.088,168.41,197.0,78.0,0.396,26.0,16.0,0.615,60.0,35.0,0.583,5314.0,992.0,5.4,25.0,10.0,329.0,369.0,562.0,3866.0,24.0,15.0,6.4,390.0,1448.0,16.0,3.7,86.0,755.0,32.0,0.351,0.143,-75.62,203.0,86.0,0.424,14.0,6.0,0.429,52.0,32.0,0.615
134,Los Angeles Rams,5,2021,17.0,12,5,460,372,88,5.2,0.1,6325.0,1058.0,6.0,23.0,5.0,355.0,406.0,607.0,4642.0,41.0,18.0,7.3,420.0,1683.0,10.0,4.0,76.0,637.0,23.0,0.4589999999999999,0.122,161.53,205.0,90.0,0.439,19.0,10.0,0.526,70.0,42.0,0.6,5863.0,1118.0,5.2,25.0,6.0,347.0,416.0,625.0,4109.0,17.0,19.0,6.1,443.0,1754.0,18.0,4.0,88.0,688.0,22.0,0.359,0.133,-17.07,223.0,92.0,0.413,32.0,17.0,0.531,56.0,29.0,0.518
135,Cincinnati Bengals,4,2021,17.0,10,7,460,376,84,4.9,-1.9,6145.0,1046.0,5.9,21.0,7.0,337.0,384.0,555.0,4403.0,36.0,14.0,7.2,436.0,1742.0,16.0,4.0,72.0,620.0,33.0,0.426,0.1,118.5,207.0,82.0,0.396,20.0,13.0,0.65,52.0,31.0,0.596,5964.0,1075.0,5.5,21.0,8.0,339.0,420.0,626.0,4222.0,26.0,13.0,6.3,407.0,1742.0,15.0,4.3,116.0,946.0,19.0,0.3389999999999999,0.111,-45.38,221.0,92.0,0.416,18.0,7.0,0.389,53.0,32.0,0.604
136,San Francisco 49ers,3,2021,17.0,10,7,427,365,62,3.6,0.1,6387.0,1046.0,6.1,24.0,10.0,361.0,343.0,514.0,4221.0,26.0,14.0,7.7,499.0,2166.0,22.0,4.3,102.0,1066.0,31.0,0.412,0.115,130.03,199.0,80.0,0.402,20.0,10.0,0.5,54.0,36.0,0.667,5270.0,1032.0,5.1,20.0,11.0,318.0,372.0,545.0,3510.0,25.0,9.0,5.9,439.0,1760.0,17.0,4.0,94.0,793.0,41.0,0.344,0.093,-52.77,220.0,88.0,0.4,25.0,11.0,0.44,60.0,34.0,0.5670000000000001
137,Kansas City Chiefs,3,2021,17.0,12,5,480,364,116,6.8,0.6,6746.0,1134.0,5.9,25.0,12.0,419.0,448.0,675.0,4791.0,37.0,13.0,6.8,431.0,1955.0,16.0,4.5,111.0,925.0,33.0,0.482,0.1369999999999999,261.77,205.0,107.0,0.522,15.0,10.0,0.667,69.0,41.0,0.594,6272.0,1060.0,5.9,29.0,14.0,363.0,401.0,610.0,4273.0,27.0,15.0,6.7,419.0,1999.0,15.0,4.8,116.0,911.0,33.0,0.373,0.16,-131.68,199.0,80.0,0.402,31.0,19.0,0.613,56.0,32.0,0.5710000000000001
138,Tampa Bay Buccaneers,2,2021,17.0,13,4,511,353,158,9.3,-0.7,6901.0,1139.0,6.1,19.0,7.0,404.0,492.0,731.0,5229.0,43.0,12.0,6.9,385.0,1672.0,18.0,4.3,97.0,874.0,25.0,0.4429999999999999,0.098,216.14,223.0,105.0,0.471,16.0,9.0,0.563,68.0,45.0,0.662,5635.0,1093.0,5.2,29.0,12.0,344.0,445.0,680.0,4062.0,26.0,17.0,5.6,366.0,1573.0,11.0,4.3,79.0,635.0,36.0,0.335,0.147,-0.6,226.0,87.0,0.385,28.0,13.0,0.4639999999999999,59.0,31.0,0.525
139,Buffalo Bills,2,2021,17.0,11,6,483,289,194,11.4,-1.6,6493.0,1143.0,5.7,22.0,6.0,398.0,415.0,655.0,4284.0,36.0,16.0,6.3,461.0,2209.0,20.0,4.8,113.0,980.0,28.0,0.452,0.113,216.68,222.0,103.0,0.4639999999999999,22.0,11.0,0.5,77.0,48.0,0.623,4637.0,1014.0,4.6,30.0,11.0,285.0,297.0,530.0,2771.0,12.0,19.0,4.8,442.0,1866.0,19.0,4.2,102.0,844.0,39.0,0.28,0.145,36.13,214.0,66.0,0.308,35.0,16.0,0.457,45.0,23.0,0.511
140,Green Bay Packers,2,2021,17.0,13,4,450,371,79,4.6,-0.2,6215.0,1072.0,5.8,13.0,6.0,375.0,402.0,593.0,4315.0,39.0,7.0,6.9,446.0,1900.0,13.0,4.3,69.0,678.0,31.0,0.445,0.064,180.42,202.0,88.0,0.436,22.0,13.0,0.591,70.0,41.0,0.586,5579.0,1037.0,5.4,26.0,8.0,337.0,379.0,603.0,3724.0,31.0,18.0,5.8,395.0,1855.0,13.0,4.7,88.0,718.0,23.0,0.366,0.14,-55.57,203.0,87.0,0.429,33.0,15.0,0.455,49.0,33.0,0.6729999999999999
141,Tennessee Titans,2,2021,17.0,12,5,419,354,65,3.8,-0.4,5822.0,1133.0,5.1,25.0,11.0,362.0,359.0,535.0,3418.0,22.0,14.0,5.9,551.0,2404.0,23.0,4.4,103.0,973.0,34.0,0.389,0.13,79.19,236.0,103.0,0.436,24.0,15.0,0.625,61.0,39.0,0.639,5607.0,1039.0,5.4,22.0,6.0,331.0,395.0,628.0,4169.0,24.0,16.0,6.2,368.0,1438.0,14.0,3.9,118.0,1070.0,37.0,0.371,0.108,-30.56,210.0,77.0,0.367,24.0,14.0,0.583,58.0,30.0,0.517
142,Arizona Cardinals,1,2021,17.0,11,6,449,366,83,4.9,0.3,6352.0,1126.0,5.6,15.0,4.0,367.0,415.0,591.0,4276.0,27.0,11.0,6.8,496.0,2076.0,23.0,4.2,114.0,990.0,26.0,0.447,0.078,119.94,221.0,100.0,0.452,29.0,17.0,0.586,65.0,39.0,0.6,5597.0,1028.0,5.4,27.0,14.0,336.0,367.0,561.0,3645.0,30.0,13.0,6.1,426.0,1952.0,10.0,4.6,100.0,896.0,35.0,0.356,0.153,-19.46,207.0,79.0,0.382,30.0,14.0,0.467,51.0,31.0,0.608
143,Philadelphia Eagles,1,2021,17.0,9,8,444,385,59,3.5,-1.0,6119.0,1075.0,5.7,16.0,6.0,352.0,307.0,494.0,3404.0,20.0,10.0,6.5,550.0,2715.0,25.0,4.9,107.0,842.0,22.0,0.434,0.092,113.05,221.0,101.0,0.457,24.0,11.0,0.4579999999999999,61.0,38.0,0.623,5590.0,1076.0,5.2,16.0,4.0,358.0,409.0,589.0,3756.0,28.0,12.0,6.1,458.0,1834.0,18.0,4.0,92.0,824.0,35.0,0.372,0.089,-73.93,217.0,93.0,0.429,29.0,14.0,0.483,60.0,40.0,0.667
144,Dallas Cowboys,1,2021,17.0,12,5,530,358,172,10.1,-0.2,6919.0,1153.0,6.0,20.0,9.0,390.0,444.0,647.0,4800.0,40.0,11.0,7.1,473.0,2119.0,15.0,4.5,127.0,1103.0,31.0,0.4379999999999999,0.099,158.06,228.0,99.0,0.434,24.0,14.0,0.583,65.0,41.0,0.631,5967.0,1082.0,5.5,34.0,8.0,327.0,364.0,612.0,4049.0,24.0,26.0,6.2,429.0,1918.0,13.0,4.5,121.0,973.0,37.0,0.325,0.1669999999999999,21.81,223.0,76.0,0.341,26.0,16.0,0.615,47.0,28.0,0.596
145,Pittsburgh Steelers,1,2021,17.0,9,7,343,398,-55,-3.2,0.8,5361.0,1113.0,4.8,20.0,9.0,323.0,425.0,664.0,3778.0,23.0,11.0,5.4,411.0,1583.0,10.0,3.9,106.0,831.0,34.0,0.347,0.095,-14.49,239.0,93.0,0.389,21.0,10.0,0.476,50.0,27.0,0.54,6139.0,1116.0,5.5,22.0,9.0,354.0,355.0,563.0,3656.0,24.0,13.0,5.9,498.0,2483.0,17.0,5.0,123.0,1017.0,24.0,0.387,0.108,-55.8,232.0,86.0,0.371,24.0,13.0,0.542,59.0,30.0,0.508
146,Las Vegas Raiders,1,2021,17.0,10,7,374,439,-65,-3.8,0.6,6184.0,1082.0,5.7,24.0,10.0,349.0,429.0,628.0,4567.0,23.0,14.0,6.8,414.0,1617.0,14.0,3.9,124.0,1104.0,37.0,0.41,0.128,77.89,206.0,77.0,0.374,19.0,12.0,0.632,60.0,31.0,0.517,5732.0,1103.0,5.2,15.0,9.0,349.0,400.0,606.0,3789.0,29.0,6.0,5.9,462.0,1943.0,18.0,4.2,99.0,1021.0,38.0,0.416,0.073,-138.31,230.0,91.0,0.396,29.0,21.0,0.7240000000000001,43.0,35.0,0.8140000000000001
147,New England Patriots,1,2021,17.0,10,7,462,303,159,9.4,-0.9,6008.0,1052.0,5.7,23.0,10.0,362.0,364.0,535.0,3857.0,24.0,13.0,6.9,489.0,2151.0,24.0,4.4,95.0,854.0,36.0,0.48,0.126,126.97,209.0,91.0,0.435,17.0,11.0,0.647,63.0,39.0,0.619,5284.0,1038.0,5.1,30.0,7.0,308.0,319.0,538.0,3181.0,21.0,23.0,5.5,464.0,2103.0,9.0,4.5,100.0,831.0,21.0,0.294,0.1689999999999999,-4.84,211.0,77.0,0.365,32.0,17.0,0.531,48.0,23.0,0.479
148,Kansas City Chiefs,5,2022,17.0,14,3,496,369,127,7.5,-1.2,7032.0,1094.0,6.4,23.0,11.0,408.0,435.0,651.0,5062.0,41.0,12.0,7.5,417.0,1970.0,18.0,4.7,87.0,838.0,31.0,0.4639999999999999,0.1009999999999999,281.0,193.0,94.0,0.487,12.0,9.0,0.75,72.0,50.0,0.6940000000000001,5579.0,1093.0,5.1,20.0,9.0,337.0,408.0,619.0,3756.0,33.0,11.0,5.6,419.0,1823.0,10.0,4.4,98.0,734.0,28.0,0.359,0.103,-65.59,222.0,85.0,0.3829999999999999,35.0,20.0,0.5710000000000001,55.0,37.0,0.6729999999999999
149,Philadelphia Eagles,4,2022,17.0,14,3,477,344,133,7.8,-1.3,6614.0,1124.0,5.9,19.0,10.0,385.0,350.0,536.0,4105.0,25.0,9.0,7.1,544.0,2509.0,32.0,4.6,90.0,682.0,29.0,0.425,0.102,226.96,222.0,102.0,0.4589999999999999,32.0,22.0,0.688,59.0,40.0,0.6779999999999999,5125.0,1072.0,4.8,27.0,10.0,325.0,350.0,556.0,3057.0,22.0,17.0,4.9,446.0,2068.0,15.0,4.6,95.0,798.0,24.0,0.324,0.151,20.73,223.0,86.0,0.386,25.0,15.0,0.6,55.0,29.0,0.527
150,San Francisco 49ers,3,2022,17.0,13,4,450,277,173,10.2,-2.3,6216.0,1047.0,5.9,17.0,8.0,347.0,338.0,512.0,3856.0,30.0,9.0,7.1,504.0,2360.0,20.0,4.7,94.0,730.0,27.0,0.414,0.091,161.29,211.0,95.0,0.45,17.0,7.0,0.412,63.0,34.0,0.54,5110.0,1026.0,5.0,30.0,10.0,291.0,389.0,593.0,3789.0,20.0,20.0,5.9,389.0,1321.0,11.0,3.4,96.0,832.0,26.0,0.257,0.153,56.26,218.0,85.0,0.39,25.0,10.0,0.4,37.0,21.0,0.568
151,Cincinnati Bengals,3,2022,16.0,12,4,418,322,96,6.0,0.9,5768.0,1053.0,5.5,18.0,6.0,357.0,418.0,610.0,4240.0,35.0,12.0,6.5,399.0,1528.0,14.0,3.8,81.0,623.0,40.0,0.415,0.0969999999999999,147.62,206.0,95.0,0.461,12.0,3.0,0.25,57.0,37.0,0.649,5371.0,996.0,5.4,24.0,11.0,295.0,329.0,559.0,3665.0,17.0,13.0,6.2,407.0,1706.0,12.0,4.2,100.0,832.0,20.0,0.364,0.131,-20.02,212.0,84.0,0.396,23.0,9.0,0.391,50.0,26.0,0.52
152,Dallas Cowboys,2,2022,17.0,12,5,467,342,125,7.4,-0.8,6034.0,1114.0,5.4,23.0,5.0,347.0,355.0,556.0,3736.0,28.0,18.0,6.4,531.0,2298.0,24.0,4.3,104.0,842.0,24.0,0.415,0.108,112.34,231.0,105.0,0.455,19.0,10.0,0.526,56.0,40.0,0.7140000000000001,5613.0,1101.0,5.1,33.0,17.0,327.0,345.0,550.0,3415.0,23.0,16.0,5.7,497.0,2198.0,9.0,4.4,98.0,851.0,34.0,0.335,0.162,31.77,231.0,87.0,0.377,22.0,12.0,0.545,50.0,26.0,0.52
153,Buffalo Bills,2,2022,16.0,13,3,455,286,169,10.6,0.4,6361.0,1037.0,6.1,27.0,13.0,367.0,361.0,574.0,4129.0,35.0,14.0,6.8,430.0,2232.0,15.0,5.2,92.0,709.0,27.0,0.45,0.152,157.46,193.0,97.0,0.503,13.0,7.0,0.5379999999999999,58.0,35.0,0.603,5106.0,997.0,5.1,27.0,10.0,313.0,362.0,570.0,3433.0,21.0,17.0,5.6,387.0,1673.0,10.0,4.3,89.0,754.0,29.0,0.31,0.143,4.46,208.0,78.0,0.375,33.0,19.0,0.5760000000000001,49.0,22.0,0.449
154,New York Giants,2,2022,17.0,9,7,365,371,-6,-0.4,0.0,5676.0,1089.0,5.2,16.0,10.0,352.0,346.0,520.0,3157.0,17.0,6.0,5.5,520.0,2519.0,21.0,4.8,106.0,827.0,32.0,0.373,0.073,78.05,212.0,78.0,0.368,21.0,10.0,0.476,49.0,31.0,0.633,6089.0,1078.0,5.6,19.0,13.0,370.0,349.0,568.0,3638.0,21.0,6.0,6.0,469.0,2451.0,16.0,5.2,111.0,819.0,36.0,0.3979999999999999,0.088,-125.22,205.0,72.0,0.351,17.0,11.0,0.647,63.0,31.0,0.492
155,Jacksonville Jaguars,2,2022,17.0,9,8,404,350,54,3.2,-1.4,6075.0,1072.0,5.7,22.0,13.0,352.0,394.0,596.0,3959.0,25.0,9.0,6.3,448.0,2116.0,16.0,4.7,90.0,674.0,30.0,0.392,0.122,103.21,215.0,90.0,0.419,27.0,14.0,0.519,58.0,31.0,0.534,6006.0,1106.0,5.4,27.0,13.0,350.0,385.0,601.0,4055.0,25.0,14.0,6.4,470.0,1951.0,14.0,4.2,90.0,683.0,25.0,0.361,0.144,-52.27,220.0,95.0,0.432,31.0,10.0,0.3229999999999999,52.0,31.0,0.596
156,Tampa Bay Buccaneers,1,2022,17.0,8,9,313,358,-45,-2.6,0.4,5894.0,1159.0,5.1,22.0,12.0,346.0,499.0,751.0,4586.0,26.0,10.0,5.9,386.0,1308.0,5.0,3.4,99.0,793.0,27.0,0.32,0.103,1.03,246.0,92.0,0.374,27.0,15.0,0.556,50.0,26.0,0.52,5513.0,1073.0,5.1,20.0,10.0,314.0,364.0,570.0,3461.0,29.0,10.0,5.6,458.0,2052.0,12.0,4.5,97.0,863.0,25.0,0.33,0.102,-36.51,236.0,87.0,0.369,24.0,14.0,0.583,48.0,30.0,0.625
157,Minnesota Vikings,1,2022,17.0,13,4,424,427,-3,-0.2,0.1,6145.0,1123.0,5.5,23.0,8.0,382.0,448.0,672.0,4484.0,30.0,15.0,6.2,404.0,1661.0,18.0,4.1,88.0,684.0,45.0,0.36,0.1169999999999999,89.64,226.0,93.0,0.412,19.0,9.0,0.474,64.0,40.0,0.625,6608.0,1118.0,5.9,25.0,10.0,359.0,408.0,617.0,4515.0,23.0,15.0,6.9,463.0,2093.0,18.0,4.5,111.0,926.0,22.0,0.411,0.12,-104.0,215.0,82.0,0.381,29.0,11.0,0.379,49.0,28.0,0.5710000000000001
158,Baltimore Ravens,1,2022,17.0,10,7,350,315,35,2.1,1.1,5760.0,1052.0,5.5,21.0,8.0,337.0,300.0,488.0,3040.0,19.0,13.0,5.8,526.0,2720.0,14.0,5.2,82.0,678.0,21.0,0.389,0.1169999999999999,48.17,218.0,91.0,0.417,20.0,8.0,0.4,59.0,27.0,0.4579999999999999,5513.0,1047.0,5.3,25.0,11.0,323.0,394.0,593.0,3947.0,20.0,14.0,6.2,406.0,1566.0,11.0,3.9,79.0,650.0,26.0,0.358,0.139,-32.38,209.0,73.0,0.349,24.0,15.0,0.625,56.0,26.0,0.4639999999999999
159,Miami Dolphins,1,2022,17.0,9,8,397,399,-2,-0.1,2.0,6197.0,1009.0,6.1,21.0,6.0,342.0,368.0,584.0,4511.0,30.0,15.0,7.3,390.0,1686.0,12.0,4.3,111.0,881.0,29.0,0.3879999999999999,0.118,79.06,196.0,71.0,0.362,24.0,13.0,0.542,50.0,30.0,0.6,5743.0,1086.0,5.3,14.0,6.0,336.0,416.0,624.0,3992.0,27.0,8.0,6.0,422.0,1751.0,15.0,4.1,84.0,799.0,38.0,0.375,0.076,-66.41,233.0,97.0,0.416,31.0,15.0,0.484,59.0,35.0,0.593
160,Seattle Seahawks,1,2022,17.0,9,8,407,401,6,0.4,-0.8,5976.0,1044.0,5.7,23.0,11.0,346.0,399.0,573.0,3934.0,30.0,12.0,6.4,425.0,2042.0,12.0,4.8,106.0,854.0,34.0,0.406,0.1119999999999999,63.6,201.0,76.0,0.3779999999999999,21.0,12.0,0.5710000000000001,55.0,26.0,0.473,6149.0,1117.0,5.5,25.0,11.0,347.0,343.0,547.0,3595.0,23.0,14.0,6.1,525.0,2554.0,21.0,4.9,98.0,818.0,29.0,0.372,0.122,-113.17,227.0,96.0,0.423,28.0,11.0,0.3929999999999999,52.0,31.0,0.596
161,Los Angeles Chargers,1,2022,17.0,10,7,391,384,7,0.4,-1.3,6108.0,1154.0,5.3,19.0,9.0,352.0,485.0,711.0,4584.0,26.0,10.0,6.1,404.0,1524.0,15.0,3.8,81.0,635.0,27.0,0.381,0.095,75.75,257.0,112.0,0.436,29.0,15.0,0.517,62.0,33.0,0.532,5884.0,1002.0,5.9,24.0,10.0,318.0,310.0,505.0,3406.0,24.0,14.0,6.2,457.0,2478.0,17.0,5.4,80.0,762.0,24.0,0.372,0.1119999999999999,-84.56,199.0,78.0,0.392,15.0,6.0,0.4,48.0,25.0,0.521
