,Tm,Playoff_Result,Year,W,L,PF,PA,PD,MoV,SoS,O_Rk_x,O_G_x,O_3DAtt,O_3DConv,O_3D%,O_4DAtt,O_4DConv,O_4D%,O_RZAtt,O_RZTD,O_RZPct,D_Rk_x,D_G_x,D_3DAtt,D_3DConv,D_3D%,D_4DAtt,D_4DConv,D_4D%,D_RZAtt,D_RZTD,D_RZPct,O_Rk_y,O_G_y,O_PF,O_Yds,O_Ply,O_Y/P,O_TO,O_FL,O_1stD,O_Cmp,O_Att,O_Yds.1,O_TD,O_Int,O_NY/A,O_1stD.1,O_Att.1,O_Yds.2,O_TD.1,O_Y/A,O_1stD.2,O_Pen,O_Yds.3,O_1stPy,O_Sc%,O_TO%,O_EXP,Pts/G,D_Rk_y,D_G_y,D_PA,D_Yds,D_Ply,D_Y/P,D_TO,D_FL,D_1stD,D_Cmp,D_Att,D_Yds.1,D_TD,D_Int,D_NY/A,D_1stD.1,D_Att.1,D_Yds.2,D_TD.1,D_Y/A,D_1stD.2,D_Pen,D_Yds.3,D_1stPy,D_Sc%,D_TO%,D_EXP
0,Green Bay Packers,5,2010,10,6,388,240,148,9.3,1.7,14.0,16.0,205.0,85.0,41.5%,13.0,5.0,38.5%,53.0,32.0,60.4%,11.0,16.0,213.0,77.0,36.2%,20.0,6.0,30.0%,31.0,15.0,48.4%,10.0,16.0,388.0,5730.0,1000.0,5.7,22.0,9.0,312.0,352.0,541.0,4124.0,31.0,13.0,7.1,204.0,421.0,1606.0,11.0,3.8,88.0,78.0,617.0,20.0,35.0,10.9,-45.71,24.3,2.0,16.0,240.0,4945.0,969.0,5.1,32.0,8.0,270.0,296.0,527.0,3107.0,16.0,24.0,5.4,163.0,395.0,1838.0,6.0,4.7,82.0,98.0,758.0,25.0,25.3,16.5,199.39
1,Pittsburgh Steelers,4,2010,12,4,375,232,143,8.9,1.3,5.0,16.0,218.0,94.0,43.1%,5.0,2.0,40.0%,50.0,24.0,48.0%,2.0,16.0,209.0,70.0,33.5%,16.0,10.0,62.5%,40.0,16.0,40.0%,12.0,16.0,375.0,5525.0,993.0,5.6,18.0,9.0,295.0,298.0,479.0,3601.0,22.0,9.0,6.9,175.0,471.0,1924.0,15.0,4.1,106.0,100.0,903.0,14.0,36.9,9.5,-133.72,23.4,1.0,16.0,232.0,4429.0,974.0,4.5,35.0,14.0,272.0,363.0,593.0,3425.0,15.0,21.0,5.3,182.0,333.0,1004.0,5.0,3.0,61.0,86.0,716.0,29.0,25.7,17.3,216.3
2,Chicago Bears,3,2010,11,5,334,286,48,3.0,1.1,30.0,16.0,195.0,64.0,32.8%,7.0,2.0,28.6%,51.0,23.0,45.1%,7.0,16.0,216.0,75.0,34.7%,13.0,6.0,46.2%,42.0,20.0,47.6%,21.0,16.0,334.0,4631.0,936.0,4.9,31.0,10.0,263.0,276.0,466.0,3015.0,23.0,21.0,5.8,163.0,414.0,1616.0,10.0,3.9,76.0,91.0,768.0,24.0,29.3,15.7,-227.26,20.9,4.0,16.0,286.0,5029.0,1002.0,5.0,35.0,14.0,282.0,363.0,582.0,3588.0,14.0,21.0,5.8,183.0,386.0,1441.0,14.0,3.7,88.0,93.0,790.0,11.0,25.0,17.9,168.17
3,New York Jets,3,2010,11,5,367,304,63,3.9,2.5,6.0,16.0,235.0,93.0,39.6%,14.0,5.0,35.7%,50.0,20.0,40.0%,19.0,16.0,219.0,81.0,37.0%,6.0,4.0,66.7%,43.0,26.0,60.5%,13.0,16.0,367.0,5616.0,1087.0,5.2,21.0,7.0,307.0,288.0,525.0,3242.0,20.0,14.0,5.9,171.0,534.0,2374.0,14.0,4.4,118.0,103.0,934.0,18.0,32.2,10.6,-122.93,22.9,6.0,16.0,304.0,4664.0,979.0,4.8,30.0,18.0,272.0,269.0,531.0,3210.0,24.0,12.0,5.6,169.0,408.0,1454.0,11.0,3.6,70.0,74.0,679.0,33.0,26.4,13.9,182.51
4,New England Patriots,2,2010,14,2,518,313,205,12.8,2.6,4.0,16.0,197.0,95.0,48.2%,14.0,7.0,50.0%,67.0,42.0,62.7%,31.0,16.0,210.0,99.0,47.1%,20.0,12.0,60.0%,50.0,27.0,54.0%,1.0,16.0,518.0,5820.0,986.0,5.9,10.0,5.0,335.0,331.0,507.0,3847.0,37.0,5.0,7.2,196.0,454.0,1973.0,19.0,4.3,119.0,83.0,766.0,20.0,47.0,5.4,73.64,32.4,8.0,16.0,313.0,5864.0,1056.0,5.6,38.0,13.0,348.0,388.0,611.0,4136.0,25.0,25.0,6.4,226.0,409.0,1728.0,10.0,4.2,99.0,84.0,687.0,23.0,30.7,21.0,71.86
5,Seattle Seahawks,2,2010,7,9,310,407,-97,-6.1,-3.4,21.0,16.0,214.0,76.0,35.5%,17.0,6.0,35.3%,50.0,21.0,42.0%,28.0,16.0,238.0,94.0,39.5%,19.0,8.0,42.1%,65.0,30.0,46.2%,23.0,16.0,310.0,4765.0,964.0,4.9,31.0,11.0,260.0,324.0,544.0,3341.0,14.0,20.0,5.8,159.0,385.0,1424.0,13.0,3.7,81.0,101.0,890.0,20.0,26.5,14.8,-197.05,19.4,25.0,16.0,407.0,5897.0,1074.0,5.5,22.0,10.0,313.0,339.0,585.0,3994.0,31.0,12.0,6.4,206.0,452.0,1903.0,13.0,4.2,91.0,91.0,706.0,16.0,35.9,9.9,60.14
6,Atlanta Falcons,2,2010,13,3,414,288,126,7.9,-1.8,1.0,16.0,240.0,112.0,46.7%,15.0,11.0,73.3%,58.0,35.0,60.3%,15.0,16.0,201.0,79.0,39.3%,17.0,9.0,52.9%,42.0,23.0,54.8%,5.0,16.0,414.0,5458.0,1097.0,5.0,17.0,8.0,353.0,361.0,577.0,3567.0,28.0,9.0,5.9,200.0,497.0,1891.0,14.0,3.8,111.0,58.0,598.0,42.0,39.3,9.0,-39.55,25.9,5.0,16.0,288.0,5319.0,957.0,5.6,31.0,9.0,284.0,364.0,560.0,3625.0,23.0,22.0,6.1,183.0,366.0,1694.0,9.0,4.6,87.0,116.0,1003.0,14.0,26.1,16.1,77.65
7,Baltimore Ravens,2,2010,12,4,357,270,87,5.4,1.0,16.0,16.0,210.0,82.0,39.0%,10.0,4.0,40.0%,51.0,25.0,49.0%,24.0,16.0,229.0,87.0,38.0%,12.0,6.0,50.0%,40.0,17.0,42.5%,16.0,16.0,357.0,5166.0,1018.0,5.1,20.0,10.0,303.0,308.0,491.0,3335.0,25.0,10.0,6.3,175.0,487.0,1831.0,11.0,3.8,97.0,90.0,673.0,31.0,32.8,9.5,-79.88,22.3,3.0,16.0,270.0,5102.0,1007.0,5.1,27.0,8.0,284.0,349.0,596.0,3599.0,22.0,19.0,5.8,187.0,384.0,1503.0,5.0,3.9,79.0,117.0,984.0,18.0,29.2,13.5,197.21
8,Kansas City Chiefs,1,2010,10,6,366,326,40,2.5,-3.2,15.0,16.0,226.0,83.0,36.7%,23.0,10.0,43.5%,52.0,31.0,59.6%,21.0,16.0,223.0,84.0,37.7%,20.0,7.0,35.0%,37.0,26.0,70.3%,14.0,16.0,366.0,5595.0,1063.0,5.3,14.0,6.0,319.0,274.0,475.0,2968.0,27.0,8.0,5.9,167.0,556.0,2627.0,13.0,4.7,129.0,90.0,771.0,23.0,31.3,6.8,-93.85,22.9,11.0,16.0,326.0,5283.0,1028.0,5.1,23.0,9.0,293.0,319.0,581.0,3519.0,23.0,14.0,5.7,186.0,408.0,1764.0,11.0,4.3,88.0,111.0,922.0,19.0,28.1,10.9,132.36
9,Philadelphia Eagles,1,2010,10,6,439,377,62,3.9,0.3,13.0,16.0,214.0,85.0,39.7%,13.0,9.0,69.2%,58.0,31.0,53.4%,17.0,16.0,209.0,80.0,38.3%,12.0,5.0,41.7%,43.0,33.0,76.7%,3.0,16.0,439.0,6230.0,1038.0,6.0,25.0,12.0,322.0,348.0,561.0,3906.0,28.0,13.0,6.4,189.0,428.0,2324.0,18.0,5.4,116.0,129.0,1101.0,17.0,39.8,11.7,-11.0,27.4,21.0,16.0,377.0,5235.0,998.0,5.2,34.0,11.0,309.0,309.0,536.0,3469.0,31.0,23.0,6.0,185.0,423.0,1766.0,12.0,4.2,91.0,87.0,724.0,33.0,31.4,17.0,48.24
10,New Orleans Saints,1,2010,11,5,384,307,77,4.8,-2.5,2.0,16.0,217.0,106.0,48.8%,11.0,5.0,45.5%,61.0,31.0,50.8%,4.0,16.0,203.0,70.0,34.5%,23.0,15.0,65.2%,45.0,20.0,44.4%,11.0,16.0,384.0,5960.0,1067.0,5.6,31.0,9.0,351.0,450.0,661.0,4441.0,33.0,22.0,6.5,236.0,380.0,1519.0,9.0,4.0,94.0,90.0,884.0,21.0,38.5,16.7,-53.15,24.0,7.0,16.0,307.0,4900.0,948.0,5.2,25.0,16.0,273.0,306.0,494.0,3103.0,13.0,9.0,5.9,150.0,421.0,1797.0,13.0,4.3,94.0,88.0,701.0,29.0,31.8,12.7,143.44
11,Indianapolis Colts,1,2010,10,6,435,388,47,2.9,-0.1,9.0,16.0,204.0,91.0,44.6%,8.0,5.0,62.5%,56.0,38.0,67.9%,14.0,16.0,200.0,78.0,39.0%,18.0,8.0,44.4%,48.0,25.0,52.1%,4.0,16.0,435.0,6092.0,1088.0,5.6,25.0,8.0,366.0,450.0,679.0,4609.0,33.0,17.0,6.6,253.0,393.0,1483.0,13.0,3.8,87.0,79.0,709.0,26.0,40.2,13.4,28.65,27.2,23.0,16.0,388.0,5465.0,1010.0,5.4,21.0,11.0,314.0,356.0,535.0,3433.0,22.0,10.0,6.1,190.0,445.0,2032.0,14.0,4.6,111.0,95.0,812.0,13.0,37.0,10.5,75.37
12,New York Giants,5,2011,9,7,394,400,-6,-0.4,2.0,19.0,16.0,206.0,77.0,37.4%,13.0,4.0,30.8%,56.0,32.0,57.1%,23.0,16.0,220.0,84.0,38.2%,18.0,10.0,55.6%,61.0,34.0,55.7%,9.0,16.0,394.0,6161.0,1028.0,6.0,24.0,8.0,331.0,359.0,589.0,4734.0,29.0,16.0,7.7,216.0,411.0,1427.0,17.0,3.5,84.0,94.0,795.0,31.0,32.5,11.5,-45.79,24.6,25.0,16.0,400.0,6022.0,1072.0,5.6,31.0,11.0,338.0,361.0,589.0,4082.0,28.0,20.0,6.4,210.0,435.0,1940.0,15.0,4.5,103.0,110.0,933.0,25.0,34.7,14.8,57.49
13,New England Patriots,4,2011,13,3,513,342,171,10.7,-1.4,9.0,16.0,194.0,89.0,45.9%,11.0,7.0,63.6%,72.0,47.0,65.3%,25.0,16.0,202.0,87.0,43.1%,19.0,8.0,42.1%,61.0,34.0,55.7%,3.0,16.0,513.0,6848.0,1082.0,6.3,17.0,5.0,399.0,402.0,612.0,5084.0,39.0,12.0,7.9,262.0,438.0,1764.0,18.0,4.0,107.0,87.0,815.0,30.0,47.2,8.3,99.08,32.1,15.0,16.0,342.0,6577.0,1064.0,6.2,34.0,11.0,370.0,386.0,619.0,4703.0,26.0,23.0,7.1,245.0,405.0,1874.0,13.0,4.6,101.0,115.0,907.0,24.0,32.6,17.1,84.78
14,San Francisco 49ers,3,2011,13,3,380,229,151,9.4,-1.1,30.0,16.0,221.0,65.0,29.4%,14.0,9.0,64.3%,54.0,22.0,40.7%,12.0,16.0,216.0,76.0,35.2%,17.0,7.0,41.2%,34.0,14.0,41.2%,11.0,16.0,380.0,4974.0,993.0,5.0,10.0,5.0,282.0,277.0,451.0,2930.0,18.0,5.0,5.9,150.0,498.0,2044.0,14.0,4.1,101.0,113.0,1014.0,31.0,39.6,5.2,-152.56,23.8,2.0,16.0,229.0,4931.0,974.0,5.1,38.0,15.0,267.0,333.0,579.0,3695.0,20.0,23.0,6.0,190.0,353.0,1236.0,3.0,3.5,53.0,98.0,867.0,24.0,23.3,18.7,165.23
15,Baltimore Ravens,3,2011,12,4,378,266,112,7.0,-0.9,4.0,16.0,229.0,97.0,42.4%,7.0,4.0,57.1%,49.0,25.0,51.0%,4.0,16.0,221.0,71.0,32.1%,21.0,10.0,47.6%,42.0,16.0,38.1%,12.0,16.0,378.0,5419.0,1036.0,5.2,24.0,12.0,312.0,314.0,544.0,3423.0,21.0,12.0,5.9,181.0,459.0,1996.0,15.0,4.3,98.0,92.0,742.0,33.0,35.5,11.8,-72.94,23.6,3.0,16.0,266.0,4622.0,1002.0,4.6,26.0,11.0,269.0,288.0,535.0,3140.0,11.0,15.0,5.4,166.0,419.0,1482.0,10.0,3.5,79.0,103.0,1032.0,24.0,26.6,13.8,240.19
16,Green Bay Packers,2,2011,15,1,560,359,201,12.6,-1.2,7.0,16.0,189.0,91.0,48.1%,8.0,4.0,50.0%,66.0,43.0,65.2%,20.0,16.0,195.0,83.0,42.6%,16.0,4.0,25.0%,56.0,31.0,55.4%,1.0,16.0,560.0,6482.0,988.0,6.6,14.0,6.0,353.0,376.0,552.0,4924.0,51.0,8.0,8.3,230.0,395.0,1558.0,12.0,3.9,89.0,76.0,591.0,34.0,48.3,6.1,92.5,35.0,19.0,16.0,359.0,6585.0,1049.0,6.3,38.0,7.0,358.0,390.0,637.0,4796.0,29.0,31.0,7.2,246.0,383.0,1789.0,10.0,4.7,96.0,122.0,948.0,16.0,33.9,20.2,52.98
17,Houston Texans,2,2011,10,6,381,278,103,6.4,-1.9,5.0,16.0,224.0,93.0,41.5%,11.0,3.0,27.3%,60.0,28.0,46.7%,13.0,16.0,212.0,76.0,35.8%,13.0,6.0,46.2%,44.0,21.0,47.7%,10.0,16.0,381.0,5954.0,1046.0,5.7,20.0,11.0,321.0,288.0,467.0,3506.0,20.0,9.0,7.0,176.0,546.0,2448.0,18.0,4.5,131.0,99.0,852.0,14.0,37.2,10.5,-63.12,23.8,4.0,16.0,278.0,4571.0,960.0,4.8,27.0,10.0,270.0,279.0,538.0,3035.0,18.0,17.0,5.2,166.0,378.0,1536.0,8.0,4.1,73.0,88.0,686.0,31.0,29.8,13.8,206.3
18,New Orleans Saints,2,2011,13,3,547,339,208,13.0,-1.6,1.0,16.0,208.0,118.0,56.7%,10.0,3.0,30.0%,75.0,44.0,58.7%,2.0,16.0,202.0,67.0,33.2%,22.0,6.0,27.3%,39.0,23.0,59.0%,2.0,16.0,547.0,7474.0,1117.0,6.7,19.0,5.0,416.0,472.0,662.0,5347.0,46.0,14.0,7.8,280.0,431.0,2127.0,16.0,4.9,116.0,99.0,851.0,20.0,51.4,10.9,165.64,34.2,13.0,16.0,339.0,5895.0,1010.0,5.8,16.0,7.0,326.0,362.0,626.0,4157.0,24.0,9.0,6.3,196.0,351.0,1738.0,11.0,5.0,92.0,109.0,912.0,38.0,34.1,8.8,13.66
19,Denver Broncos,2,2011,8,8,309,390,-81,-5.1,-0.2,29.0,16.0,214.0,66.0,30.8%,13.0,3.0,23.1%,36.0,17.0,47.2%,8.0,16.0,218.0,73.0,33.5%,9.0,3.0,33.3%,52.0,27.0,51.9%,25.0,16.0,309.0,5066.0,1017.0,5.0,30.0,17.0,286.0,217.0,429.0,2434.0,20.0,13.0,5.2,130.0,546.0,2632.0,11.0,4.8,129.0,101.0,843.0,27.0,24.5,14.2,-154.77,19.3,24.0,16.0,390.0,5725.0,1063.0,5.4,18.0,9.0,315.0,333.0,534.0,3704.0,24.0,9.0,6.4,182.0,488.0,2021.0,11.0,4.1,101.0,99.0,845.0,32.0,33.0,7.8,68.03
20,Atlanta Falcons,1,2011,10,6,402,350,52,3.3,0.3,3.0,16.0,224.0,99.0,44.2%,13.0,4.0,30.8%,59.0,31.0,52.5%,28.0,16.0,211.0,93.0,44.1%,11.0,6.0,54.5%,47.0,22.0,46.8%,7.0,16.0,402.0,6026.0,1073.0,5.6,21.0,8.0,349.0,365.0,594.0,4192.0,29.0,13.0,6.8,215.0,453.0,1834.0,14.0,4.0,100.0,93.0,769.0,34.0,37.4,10.7,-22.37,25.1,18.0,16.0,350.0,5338.0,965.0,5.5,29.0,10.0,292.0,340.0,560.0,3786.0,25.0,19.0,6.4,186.0,372.0,1552.0,10.0,4.2,87.0,101.0,843.0,19.0,32.2,15.0,51.59
21,Pittsburgh Steelers,1,2011,12,4,325,227,98,6.1,-0.8,8.0,16.0,196.0,90.0,45.9%,8.0,3.0,37.5%,53.0,27.0,50.9%,24.0,16.0,221.0,86.0,38.9%,13.0,8.0,61.5%,31.0,17.0,54.8%,22.0,16.0,325.0,5957.0,1015.0,5.9,28.0,13.0,341.0,341.0,539.0,4054.0,21.0,15.0,7.0,221.0,434.0,1903.0,13.0,4.4,96.0,101.0,854.0,24.0,33.9,16.7,-91.67,20.3,1.0,16.0,227.0,4348.0,964.0,4.5,15.0,4.0,264.0,289.0,530.0,2751.0,15.0,11.0,4.9,156.0,399.0,1597.0,7.0,4.0,82.0,96.0,777.0,26.0,26.0,8.3,72.09
22,Detroit Lions,1,2011,10,6,474,387,87,5.4,0.6,20.0,16.0,212.0,76.0,35.8%,14.0,8.0,57.1%,58.0,37.0,63.8%,1.0,16.0,205.0,67.0,32.7%,19.0,8.0,42.1%,53.0,26.0,49.1%,4.0,16.0,474.0,6337.0,1058.0,6.0,23.0,7.0,349.0,423.0,666.0,4814.0,41.0,16.0,6.9,244.0,356.0,1523.0,9.0,4.3,71.0,128.0,1075.0,34.0,37.6,10.7,33.96,29.6,23.0,16.0,387.0,5881.0,1055.0,5.6,34.0,13.0,325.0,376.0,604.0,3831.0,26.0,21.0,5.9,195.0,410.0,2050.0,10.0,5.0,91.0,119.0,982.0,39.0,32.4,16.2,130.02
23,Cincinnati Bengals,1,2011,9,7,344,323,21,1.3,-0.9,15.0,16.0,219.0,80.0,36.5%,10.0,4.0,40.0%,51.0,23.0,45.1%,16.0,16.0,220.0,78.0,35.5%,11.0,4.0,36.4%,41.0,24.0,58.5%,18.0,16.0,344.0,5118.0,1015.0,5.0,22.0,8.0,285.0,308.0,535.0,3340.0,21.0,14.0,6.0,160.0,455.0,1778.0,10.0,3.9,93.0,99.0,874.0,32.0,32.5,9.6,-104.83,21.5,9.0,16.0,323.0,5060.0,1009.0,5.0,22.0,12.0,284.0,319.0,539.0,3385.0,21.0,10.0,5.8,170.0,425.0,1675.0,14.0,3.9,94.0,101.0,878.0,20.0,28.5,11.0,125.26
24,Baltimore Ravens,5,2012,10,6,398,344,54,3.4,-0.5,15.0,16.0,217.0,80.0,36.9%,14.0,6.0,42.9%,49.0,28.0,57.1%,18.0,16.0,232.0,83.0,35.8%,12.0,6.0,50.0%,53.0,23.0,43.4%,10.0,16.0,398.0,5640.0,1042.0,5.4,16.0,5.0,314.0,334.0,560.0,3739.0,22.0,11.0,6.3,182.0,444.0,1901.0,17.0,4.3,98.0,121.0,1127.0,34.0,35.8,7.8,22.03,24.9,12.0,16.0,344.0,5615.0,1086.0,5.2,25.0,12.0,326.0,335.0,557.0,3650.0,15.0,13.0,6.1,187.0,492.0,1965.0,15.0,4.0,105.0,107.0,929.0,34.0,34.9,12.0,132.17
25,San Francisco 49ers,4,2012,11,4,397,273,124,7.8,2.5,27.0,16.0,194.0,68.0,35.1%,12.0,8.0,66.7%,55.0,28.0,50.9%,2.0,16.0,215.0,71.0,33.0%,25.0,14.0,56.0%,36.0,22.0,61.1%,11.0,16.0,397.0,5789.0,969.0,6.0,16.0,8.0,322.0,289.0,436.0,3298.0,23.0,8.0,6.9,172.0,492.0,2491.0,17.0,5.1,128.0,109.0,960.0,22.0,39.3,7.9,-15.31,24.8,2.0,16.0,273.0,4710.0,1012.0,4.7,25.0,11.0,284.0,337.0,567.0,3203.0,19.0,14.0,5.3,178.0,407.0,1507.0,7.0,3.7,72.0,93.0,758.0,34.0,26.7,12.8,114.89
26,New England Patriots,3,2012,12,4,557,331,226,14.1,-1.4,1.0,16.0,226.0,110.0,48.7%,12.0,8.0,66.7%,70.0,49.0,70.0%,17.0,16.0,205.0,82.0,40.0%,23.0,9.0,39.1%,46.0,24.0,52.2%,1.0,16.0,557.0,6846.0,1191.0,5.7,16.0,7.0,444.0,402.0,641.0,4662.0,34.0,9.0,7.0,256.0,523.0,2184.0,25.0,4.2,151.0,97.0,840.0,37.0,48.1,8.1,118.97,34.8,10.0,16.0,331.0,5972.0,1046.0,5.7,41.0,21.0,340.0,369.0,594.0,4342.0,27.0,20.0,6.9,207.0,415.0,1630.0,10.0,3.9,100.0,101.0,932.0,33.0,30.1,20.4,83.26
27,Atlanta Falcons,3,2012,13,3,419,299,120,7.5,-1.1,7.0,16.0,204.0,92.0,45.1%,8.0,2.0,25.0%,63.0,37.0,58.7%,16.0,16.0,200.0,81.0,40.5%,13.0,6.0,46.2%,42.0,19.0,45.2%,7.0,16.0,419.0,5906.0,1021.0,5.8,18.0,4.0,343.0,422.0,615.0,4509.0,32.0,14.0,7.0,247.0,378.0,1397.0,12.0,3.7,70.0,55.0,415.0,26.0,44.0,10.3,-18.12,26.2,5.0,16.0,299.0,5849.0,991.0,5.9,31.0,11.0,298.0,337.0,551.0,3878.0,14.0,20.0,6.7,189.0,411.0,1971.0,16.0,4.8,99.0,83.0,641.0,10.0,31.7,17.2,40.76
28,Houston Texans,2,2012,12,4,416,331,85,5.3,-1.8,11.0,16.0,221.0,83.0,37.6%,7.0,4.0,57.1%,57.0,32.0,56.1%,3.0,16.0,215.0,71.0,33.0%,16.0,5.0,31.3%,40.0,20.0,50.0%,8.0,16.0,416.0,5953.0,1090.0,5.5,17.0,4.0,341.0,354.0,554.0,3830.0,22.0,13.0,6.6,205.0,508.0,2123.0,19.0,4.2,114.0,108.0,873.0,22.0,35.6,8.4,-20.08,26.0,9.0,16.0,331.0,5172.0,1015.0,5.1,29.0,14.0,292.0,308.0,581.0,3612.0,29.0,15.0,5.8,167.0,390.0,1560.0,5.0,4.0,94.0,90.0,863.0,31.0,28.0,14.5,124.55
29,Seattle Seahawks,2,2012,11,5,412,245,167,10.4,1.8,16.0,16.0,199.0,80.0,40.2%,18.0,11.0,61.1%,54.0,31.0,57.4%,8.0,16.0,198.0,76.0,38.4%,10.0,3.0,30.0%,38.0,17.0,44.7%,9.0,16.0,412.0,5610.0,974.0,5.8,18.0,8.0,311.0,259.0,405.0,3031.0,27.0,10.0,6.9,153.0,536.0,2579.0,16.0,4.8,129.0,110.0,890.0,29.0,39.4,10.0,9.07,25.8,1.0,16.0,245.0,4899.0,968.0,5.1,31.0,13.0,295.0,327.0,564.0,3250.0,15.0,18.0,5.4,186.0,368.0,1649.0,8.0,4.5,80.0,102.0,902.0,29.0,27.2,16.0,133.75
30,Denver Broncos,2,2012,13,3,481,289,192,12.0,-1.9,4.0,16.0,213.0,96.0,45.1%,5.0,3.0,60.0%,66.0,39.0,59.1%,1.0,16.0,216.0,66.0,30.6%,18.0,7.0,38.9%,41.0,24.0,58.5%,2.0,16.0,481.0,6366.0,1090.0,5.8,25.0,14.0,380.0,402.0,588.0,4534.0,37.0,11.0,7.4,232.0,481.0,1832.0,12.0,3.8,112.0,100.0,805.0,36.0,39.9,12.2,54.27,30.1,4.0,16.0,289.0,4652.0,1015.0,4.6,24.0,8.0,287.0,321.0,559.0,3194.0,25.0,16.0,5.2,183.0,404.0,1458.0,5.0,3.6,73.0,123.0,951.0,31.0,26.9,11.9,140.44
31,Green Bay Packers,2,2012,11,5,433,336,97,6.1,1.2,9.0,16.0,213.0,90.0,42.3%,13.0,7.0,53.8%,47.0,32.0,68.1%,21.0,16.0,218.0,83.0,38.1%,23.0,9.0,39.1%,47.0,29.0,61.7%,5.0,16.0,433.0,5751.0,1042.0,5.5,16.0,8.0,341.0,374.0,558.0,4049.0,40.0,8.0,6.6,213.0,433.0,1702.0,9.0,3.9,85.0,103.0,923.0,43.0,37.6,8.1,25.77,27.1,11.0,16.0,336.0,5388.0,1033.0,5.2,23.0,5.0,308.0,313.0,568.0,3492.0,24.0,18.0,5.7,191.0,418.0,1896.0,12.0,4.5,83.0,123.0,1055.0,34.0,33.2,11.8,81.27
32,Washington Redskins,1,2012,10,6,436,388,48,3.0,0.4,28.0,16.0,190.0,68.0,35.8%,17.0,12.0,70.6%,53.0,32.0,60.4%,31.0,16.0,215.0,95.0,44.2%,14.0,8.0,57.1%,52.0,30.0,57.7%,4.0,16.0,436.0,6131.0,994.0,6.2,14.0,6.0,341.0,291.0,442.0,3422.0,24.0,8.0,7.2,171.0,519.0,2709.0,22.0,5.2,144.0,116.0,985.0,26.0,39.3,7.7,-16.5,27.3,22.0,16.0,388.0,6043.0,1031.0,5.9,31.0,10.0,340.0,393.0,636.0,4511.0,31.0,21.0,6.8,223.0,363.0,1532.0,11.0,4.2,89.0,100.0,811.0,28.0,38.3,16.9,67.07
33,Indianapolis Colts,1,2012,11,5,357,387,-30,-1.9,-2.8,2.0,16.0,229.0,98.0,42.8%,8.0,7.0,87.5%,48.0,26.0,54.2%,7.0,16.0,197.0,75.0,38.1%,7.0,3.0,42.9%,53.0,27.0,50.9%,19.0,16.0,357.0,5799.0,1109.0,5.2,27.0,9.0,360.0,339.0,628.0,4128.0,23.0,18.0,6.2,208.0,440.0,1671.0,11.0,3.8,110.0,94.0,801.0,42.0,33.3,13.9,-73.11,22.3,21.0,16.0,387.0,5988.0,995.0,6.0,15.0,3.0,325.0,334.0,535.0,3788.0,23.0,12.0,6.7,190.0,428.0,2200.0,14.0,5.1,102.0,128.0,1208.0,33.0,38.3,8.3,-40.83
34,Cincinnati Bengals,1,2012,10,6,391,320,71,4.4,-2.4,25.0,16.0,217.0,74.0,34.1%,16.0,11.0,68.8%,57.0,31.0,54.4%,11.0,16.0,219.0,79.0,36.1%,12.0,5.0,41.7%,41.0,21.0,51.2%,12.0,16.0,391.0,5323.0,1016.0,5.2,26.0,10.0,292.0,335.0,540.0,3578.0,28.0,16.0,6.1,173.0,430.0,1745.0,11.0,4.1,95.0,99.0,857.0,24.0,35.4,12.8,-90.48,24.4,8.0,16.0,320.0,5115.0,1034.0,4.9,30.0,16.0,307.0,346.0,560.0,3400.0,16.0,14.0,5.6,183.0,423.0,1715.0,13.0,4.1,99.0,90.0,779.0,25.0,29.3,14.1,192.22
35,Minnesota Vikings,1,2012,10,6,379,348,31,1.9,1.4,20.0,16.0,210.0,78.0,37.1%,11.0,7.0,63.6%,52.0,28.0,53.8%,32.0,16.0,230.0,95.0,41.3%,20.0,11.0,55.0%,51.0,31.0,60.8%,14.0,16.0,379.0,5385.0,1001.0,5.4,23.0,11.0,306.0,300.0,483.0,2751.0,18.0,12.0,5.3,163.0,486.0,2634.0,16.0,5.4,113.0,90.0,830.0,30.0,37.9,12.6,-59.9,23.7,14.0,16.0,348.0,5600.0,1083.0,5.2,22.0,12.0,345.0,391.0,612.0,3908.0,28.0,10.0,6.0,229.0,427.0,1692.0,10.0,4.0,82.0,111.0,949.0,34.0,33.7,11.8,56.23
36,Seattle Seahawks,5,2013,13,3,417,231,186,11.6,1.4,25.0,16.0,204.0,76.0,37.3%,11.0,6.0,54.5%,57.0,32.0,56.1%,10.0,16.0,216.0,76.0,35.2%,11.0,4.0,36.4%,36.0,13.0,36.1%,9.0,16.0,417.0,5424.0,973.0,5.6,19.0,10.0,307.0,267.0,420.0,3236.0,27.0,9.0,7.0,160.0,509.0,2188.0,14.0,4.3,116.0,128.0,1183.0,31.0,40.7,9.3,60.55,26.1,1.0,16.0,231.0,4378.0,990.0,4.4,39.0,11.0,282.0,309.0,524.0,2752.0,16.0,28.0,4.8,156.0,422.0,1626.0,4.0,3.9,83.0,98.0,879.0,43.0,24.7,19.4,129.49
37,Denver Broncos,4,2013,13,3,606,399,207,12.9,-1.6,4.0,16.0,205.0,95.0,46.3%,9.0,8.0,88.9%,67.0,51.0,76.1%,18.0,16.0,218.0,83.0,38.1%,15.0,4.0,26.7%,60.0,37.0,61.7%,1.0,16.0,606.0,7317.0,1156.0,6.3,26.0,16.0,435.0,461.0,675.0,5444.0,55.0,10.0,7.8,293.0,461.0,1873.0,16.0,4.1,107.0,117.0,1000.0,35.0,47.5,10.4,277.21,37.9,22.0,16.0,399.0,5696.0,1074.0,5.3,26.0,9.0,339.0,357.0,613.0,4070.0,29.0,17.0,6.2,208.0,420.0,1626.0,15.0,3.9,90.0,97.0,807.0,41.0,32.5,12.6,-54.32
38,San Francisco 49ers,3,2013,12,4,406,272,134,8.4,1.8,23.0,16.0,211.0,77.0,36.5%,11.0,7.0,63.6%,55.0,31.0,56.4%,9.0,16.0,223.0,76.0,34.1%,23.0,10.0,43.5%,41.0,22.0,53.7%,11.0,16.0,406.0,5180.0,961.0,5.4,18.0,10.0,286.0,244.0,417.0,2979.0,21.0,8.0,6.5,148.0,505.0,2201.0,18.0,4.4,115.0,103.0,845.0,23.0,37.8,9.0,58.16,25.4,3.0,16.0,272.0,5071.0,1020.0,5.0,30.0,12.0,284.0,345.0,585.0,3536.0,19.0,18.0,5.7,181.0,397.0,1535.0,11.0,3.9,77.0,96.0,878.0,26.0,26.2,13.1,67.25
39,New England Patriots,3,2013,12,4,444,338,106,6.6,-0.7,15.0,16.0,221.0,83.0,37.6%,15.0,7.0,46.7%,65.0,36.0,55.4%,30.0,16.0,232.0,98.0,42.2%,21.0,4.0,19.0%,50.0,28.0,56.0%,3.0,16.0,444.0,6152.0,1138.0,5.4,20.0,9.0,378.0,380.0,628.0,4087.0,25.0,11.0,6.1,225.0,470.0,2065.0,19.0,4.4,110.0,69.0,625.0,43.0,40.8,10.0,100.43,27.8,10.0,16.0,338.0,5969.0,1118.0,5.3,29.0,12.0,338.0,336.0,589.0,3824.0,25.0,17.0,6.0,208.0,481.0,2145.0,11.0,4.5,110.0,110.0,951.0,20.0,29.6,13.3,-42.78
40,Carolina Panthers,2,2013,12,4,366,241,125,7.8,1.4,9.0,16.0,208.0,91.0,43.8%,13.0,10.0,76.9%,50.0,29.0,58.0%,8.0,16.0,212.0,76.0,35.8%,11.0,3.0,27.3%,41.0,17.0,41.5%,18.0,16.0,366.0,5069.0,999.0,5.1,19.0,6.0,319.0,292.0,473.0,3043.0,24.0,13.0,5.9,169.0,483.0,2026.0,14.0,4.2,122.0,80.0,671.0,28.0,36.5,9.4,90.4,22.9,2.0,16.0,241.0,4820.0,975.0,4.9,30.0,10.0,278.0,375.0,563.0,3429.0,17.0,20.0,5.5,178.0,352.0,1391.0,4.0,4.0,70.0,84.0,753.0,30.0,28.7,16.3,61.39
41,San Diego Chargers,2,2013,9,7,396,348,48,3.0,-0.3,1.0,16.0,206.0,101.0,49.0%,6.0,5.0,83.3%,59.0,30.0,50.8%,5.0,16.0,180.0,70.0,38.9%,13.0,6.0,46.2%,45.0,28.0,62.2%,12.0,16.0,396.0,6293.0,1060.0,5.9,21.0,10.0,373.0,378.0,544.0,4328.0,32.0,11.0,7.5,230.0,486.0,1965.0,9.0,4.0,104.0,95.0,765.0,39.0,44.9,11.4,186.29,24.8,11.0,16.0,348.0,5864.0,959.0,6.1,17.0,6.0,327.0,364.0,548.0,4139.0,23.0,11.0,7.1,208.0,376.0,1725.0,14.0,4.6,98.0,100.0,850.0,21.0,36.1,9.6,-120.17
42,New Orleans Saints,2,2013,11,5,414,304,110,6.9,1.9,2.0,16.0,221.0,97.0,43.9%,19.0,9.0,47.4%,57.0,32.0,56.1%,4.0,16.0,199.0,69.0,34.7%,12.0,4.0,33.3%,46.0,26.0,56.5%,10.0,16.0,414.0,6391.0,1079.0,5.9,19.0,7.0,359.0,446.0,651.0,4918.0,39.0,12.0,7.1,244.0,391.0,1473.0,10.0,3.8,87.0,95.0,817.0,28.0,40.3,8.3,169.86,25.9,4.0,16.0,304.0,4891.0,943.0,5.2,19.0,7.0,274.0,304.0,507.0,3105.0,20.0,12.0,5.6,168.0,387.0,1786.0,11.0,4.6,82.0,91.0,750.0,24.0,30.4,10.5,-15.21
43,Indianapolis Colts,2,2013,11,5,391,336,55,3.4,0.6,20.0,16.0,213.0,80.0,37.6%,10.0,3.0,30.0%,50.0,28.0,56.0%,16.0,16.0,210.0,79.0,37.6%,19.0,10.0,52.6%,41.0,24.0,58.5%,14.0,16.0,391.0,5468.0,1023.0,5.3,14.0,4.0,318.0,350.0,582.0,3725.0,23.0,10.0,6.1,191.0,409.0,1743.0,15.0,4.3,88.0,66.0,576.0,39.0,38.8,6.9,98.0,24.4,9.0,16.0,336.0,5713.0,1026.0,5.6,27.0,12.0,319.0,324.0,536.0,3711.0,21.0,15.0,6.4,191.0,448.0,2002.0,14.0,4.5,101.0,112.0,990.0,27.0,31.7,13.7,-82.63
44,Green Bay Packers,1,2013,8,7,417,428,-11,-0.7,-2.4,12.0,16.0,216.0,89.0,41.2%,13.0,9.0,69.2%,65.0,33.0,50.8%,11.0,16.0,204.0,78.0,38.2%,17.0,10.0,58.8%,57.0,35.0,61.4%,8.0,16.0,417.0,6404.0,1074.0,6.0,25.0,9.0,351.0,366.0,570.0,4268.0,25.0,16.0,6.9,201.0,459.0,2136.0,17.0,4.7,119.0,86.0,801.0,31.0,40.9,12.4,113.82,26.1,25.0,16.0,428.0,5956.0,1015.0,5.9,22.0,11.0,330.0,332.0,539.0,3956.0,30.0,11.0,6.8,190.0,432.0,2000.0,16.0,4.6,116.0,99.0,883.0,24.0,38.9,12.2,-116.87
45,Cincinnati Bengals,1,2013,11,5,430,305,125,7.8,-2.5,7.0,16.0,225.0,92.0,40.9%,21.0,12.0,57.1%,46.0,34.0,73.9%,6.0,16.0,225.0,74.0,32.9%,16.0,5.0,31.3%,36.0,18.0,50.0%,6.0,16.0,430.0,5891.0,1097.0,5.4,30.0,10.0,330.0,364.0,587.0,4136.0,33.0,20.0,6.7,205.0,481.0,1755.0,14.0,3.6,101.0,102.0,1000.0,24.0,32.3,14.9,33.5,26.9,5.0,16.0,305.0,4888.0,1042.0,4.7,31.0,11.0,282.0,362.0,614.0,3344.0,22.0,20.0,5.1,178.0,385.0,1544.0,6.0,4.0,72.0,69.0,692.0,32.0,27.4,15.2,92.97
46,Philadelphia Eagles,1,2013,10,6,442,382,60,3.8,-1.9,14.0,16.0,213.0,83.0,39.0%,14.0,7.0,50.0%,57.0,30.0,52.6%,26.0,16.0,231.0,93.0,40.3%,20.0,8.0,40.0%,49.0,26.0,53.1%,4.0,16.0,442.0,6676.0,1054.0,6.3,19.0,10.0,355.0,310.0,508.0,4110.0,32.0,9.0,7.4,197.0,500.0,2566.0,19.0,5.1,133.0,95.0,846.0,25.0,36.8,9.0,134.05,27.6,17.0,16.0,382.0,6304.0,1150.0,5.5,31.0,12.0,368.0,408.0,670.0,4636.0,25.0,19.0,6.6,239.0,443.0,1668.0,12.0,3.8,100.0,106.0,855.0,29.0,32.7,15.3,-35.53
47,Kansas City Chiefs,1,2013,11,5,430,305,125,7.8,-1.7,27.0,16.0,213.0,74.0,34.7%,11.0,4.0,36.4%,57.0,33.0,57.9%,14.0,16.0,229.0,78.0,34.1%,18.0,9.0,50.0%,37.0,19.0,51.4%,7.0,16.0,430.0,5396.0,1029.0,5.2,18.0,10.0,323.0,333.0,546.0,3340.0,24.0,8.0,5.7,179.0,442.0,2056.0,17.0,4.7,110.0,101.0,774.0,34.0,32.0,9.1,38.85,26.9,6.0,16.0,305.0,5885.0,1067.0,5.5,36.0,15.0,303.0,334.0,592.0,3962.0,25.0,21.0,6.2,189.0,428.0,1923.0,9.0,4.5,88.0,112.0,852.0,26.0,27.5,15.7,26.34
48,New England Patriots,5,2014,12,4,468,313,155,9.7,1.3,3.0,16.0,221.0,98.0,44.3%,13.0,7.0,53.8%,67.0,39.0,58.2%,14.0,16.0,209.0,84.0,40.2%,23.0,8.0,34.8%,46.0,22.0,47.8%,4.0,16.0,468.0,5848.0,1073.0,5.5,13.0,4.0,361.0,392.0,609.0,4121.0,34.0,9.0,6.5,228.0,438.0,1727.0,13.0,3.9,96.0,120.0,1080.0,37.0,45.3,7.2,181.12,29.3,8.0,16.0,313.0,5506.0,1033.0,5.3,25.0,9.0,329.0,342.0,574.0,3837.0,24.0,16.0,6.2,196.0,419.0,1669.0,6.0,4.0,88.0,92.0,752.0,45.0,32.4,13.2,-51.58
49,Seattle Seahawks,4,2014,12,4,394,254,140,8.8,0.8,15.0,16.0,212.0,90.0,42.5%,11.0,3.0,27.3%,60.0,31.0,51.7%,6.0,16.0,202.0,75.0,37.1%,14.0,8.0,57.1%,37.0,22.0,59.5%,10.0,16.0,394.0,6012.0,1021.0,5.9,14.0,7.0,328.0,287.0,454.0,3250.0,20.0,7.0,6.6,160.0,525.0,2762.0,20.0,5.3,144.0,130.0,1009.0,24.0,40.6,6.9,137.18,24.6,1.0,16.0,254.0,4274.0,924.0,4.6,24.0,11.0,277.0,313.0,507.0,2970.0,17.0,13.0,5.5,175.0,380.0,1304.0,8.0,3.4,70.0,70.0,613.0,32.0,26.9,12.3,40.92
50,Green Bay Packers,3,2014,12,4,486,348,138,8.6,-0.3,8.0,16.0,197.0,93.0,47.2%,10.0,4.0,40.0%,64.0,37.0,57.8%,13.0,16.0,206.0,83.0,40.3%,28.0,15.0,53.6%,48.0,27.0,56.3%,1.0,16.0,486.0,6178.0,1001.0,6.2,13.0,7.0,356.0,349.0,536.0,4261.0,38.0,6.0,7.5,222.0,435.0,1917.0,14.0,4.4,104.0,92.0,775.0,30.0,46.7,7.1,172.28,30.4,14.0,16.0,348.0,5542.0,1054.0,5.3,27.0,9.0,339.0,333.0,564.0,3623.0,26.0,18.0,6.0,196.0,449.0,1919.0,11.0,4.3,116.0,104.0,945.0,27.0,33.1,14.9,-33.95
51,Indianapolis Colts,3,2014,11,5,458,369,89,5.6,-1.1,16.0,16.0,217.0,89.0,41.0%,15.0,6.0,40.0%,60.0,33.0,55.0%,1.0,16.0,201.0,67.0,33.3%,17.0,4.0,23.5%,50.0,33.0,66.0%,6.0,16.0,458.0,6506.0,1105.0,5.9,31.0,15.0,371.0,410.0,661.0,4894.0,42.0,16.0,7.1,251.0,415.0,1612.0,9.0,3.9,80.0,105.0,848.0,40.0,39.5,14.6,83.73,28.6,19.0,16.0,369.0,5483.0,1007.0,5.4,26.0,14.0,309.0,320.0,543.0,3669.0,27.0,12.0,6.3,175.0,423.0,1814.0,14.0,4.3,103.0,101.0,866.0,31.0,28.1,12.6,-12.0
52,Denver Broncos,2,2014,12,4,482,354,128,8.0,1.6,7.0,16.0,213.0,94.0,44.1%,13.0,6.0,46.2%,62.0,39.0,62.9%,11.0,16.0,222.0,81.0,36.5%,17.0,10.0,58.8%,52.0,30.0,57.7%,2.0,16.0,482.0,6446.0,1067.0,6.0,20.0,5.0,360.0,399.0,607.0,4661.0,40.0,15.0,7.5,227.0,443.0,1785.0,15.0,4.0,98.0,120.0,1045.0,35.0,39.9,9.6,140.4,30.1,16.0,16.0,354.0,4883.0,1031.0,4.7,25.0,7.0,311.0,399.0,641.0,3607.0,29.0,18.0,5.3,219.0,349.0,1276.0,9.0,3.7,60.0,103.0,816.0,32.0,31.3,11.8,5.24
53,Dallas Cowboys,2,2014,12,4,467,352,115,7.2,-1.8,6.0,16.0,201.0,95.0,47.3%,6.0,3.0,50.0%,51.0,33.0,64.7%,22.0,16.0,204.0,89.0,43.6%,20.0,10.0,50.0%,49.0,30.0,61.2%,5.0,16.0,467.0,6138.0,1014.0,6.1,25.0,14.0,342.0,328.0,476.0,3784.0,37.0,11.0,7.5,205.0,508.0,2354.0,16.0,4.6,106.0,105.0,839.0,31.0,43.6,12.8,174.23,29.2,15.0,16.0,352.0,5681.0,978.0,5.8,31.0,13.0,315.0,371.0,558.0,4031.0,22.0,18.0,6.9,195.0,392.0,1650.0,18.0,4.2,86.0,104.0,861.0,34.0,31.3,16.8,-69.98
54,Carolina Panthers,2,2014,7,8,339,374,-35,-2.2,-0.9,11.0,16.0,222.0,93.0,41.9%,10.0,6.0,60.0%,47.0,22.0,46.8%,23.0,16.0,210.0,89.0,42.4%,11.0,5.0,45.5%,46.0,29.0,63.0%,19.0,16.0,339.0,5547.0,1060.0,5.2,23.0,11.0,347.0,327.0,545.0,3511.0,23.0,12.0,6.0,199.0,473.0,2036.0,10.0,4.3,117.0,83.0,756.0,31.0,34.8,11.8,44.08,21.2,21.0,16.0,374.0,5437.0,999.0,5.4,26.0,12.0,309.0,364.0,562.0,3645.0,25.0,14.0,6.1,193.0,397.0,1792.0,14.0,4.5,91.0,97.0,760.0,25.0,34.1,14.0,-38.36
55,Baltimore Ravens,2,2014,10,6,409,302,107,6.7,-2.1,19.0,16.0,205.0,84.0,41.0%,18.0,9.0,50.0%,63.0,33.0,52.4%,21.0,16.0,221.0,89.0,40.3%,14.0,5.0,35.7%,54.0,23.0,42.6%,8.0,16.0,409.0,5838.0,1021.0,5.7,20.0,8.0,345.0,344.0,554.0,3819.0,27.0,12.0,6.7,194.0,448.0,2019.0,16.0,4.5,113.0,111.0,870.0,38.0,39.6,9.9,135.24,25.6,6.0,16.0,302.0,5391.0,1034.0,5.2,22.0,11.0,311.0,382.0,595.0,3979.0,22.0,11.0,6.2,205.0,390.0,1412.0,8.0,3.6,75.0,110.0,1007.0,31.0,33.3,11.7,-18.91
56,Detroit Lions,1,2014,11,5,321,282,39,2.4,-0.4,17.0,16.0,223.0,86.0,38.6%,20.0,10.0,50.0%,47.0,25.0,53.2%,7.0,16.0,207.0,77.0,37.2%,15.0,6.0,40.0%,49.0,26.0,53.1%,22.0,16.0,321.0,5452.0,1045.0,5.2,20.0,8.0,310.0,365.0,604.0,4030.0,22.0,12.0,6.2,210.0,396.0,1422.0,11.0,3.6,72.0,118.0,989.0,28.0,32.4,9.5,50.59,20.1,3.0,16.0,282.0,4815.0,984.0,4.9,27.0,7.0,310.0,383.0,592.0,3706.0,23.0,20.0,5.8,209.0,350.0,1109.0,8.0,3.2,59.0,99.0,849.0,42.0,26.9,14.3,53.86
57,Cincinnati Bengals,1,2014,10,5,365,344,21,1.3,-0.6,20.0,16.0,211.0,84.0,39.8%,13.0,7.0,53.8%,49.0,28.0,57.1%,8.0,16.0,215.0,79.0,36.7%,19.0,10.0,52.6%,55.0,27.0,49.1%,15.0,16.0,365.0,5568.0,1018.0,5.5,26.0,9.0,313.0,323.0,503.0,3421.0,20.0,17.0,6.5,164.0,492.0,2147.0,19.0,4.4,122.0,102.0,812.0,27.0,34.0,13.1,13.84,22.8,12.0,16.0,344.0,5749.0,1067.0,5.4,26.0,6.0,337.0,365.0,608.0,3888.0,18.0,20.0,6.2,197.0,439.0,1861.0,16.0,4.2,105.0,105.0,876.0,35.0,32.6,13.6,-39.01
58,Pittsburgh Steelers,1,2014,11,5,436,368,68,4.3,-2.0,10.0,16.0,208.0,93.0,44.7%,10.0,5.0,50.0%,55.0,29.0,52.7%,2.0,16.0,189.0,71.0,37.6%,14.0,10.0,71.4%,50.0,27.0,54.0%,7.0,16.0,436.0,6577.0,1068.0,6.2,21.0,11.0,379.0,411.0,612.0,4825.0,33.0,10.0,7.5,243.0,423.0,1752.0,10.0,4.1,98.0,103.0,834.0,38.0,41.4,11.5,156.58,27.3,18.0,16.0,368.0,5654.0,944.0,6.0,21.0,10.0,314.0,350.0,543.0,4049.0,30.0,11.0,7.0,193.0,368.0,1605.0,9.0,4.4,88.0,97.0,835.0,33.0,39.7,11.5,-73.84
59,Arizona Cardinals,1,2014,11,5,310,299,11,0.7,1.3,14.0,16.0,224.0,90.0,40.2%,4.0,3.0,75.0%,38.0,16.0,42.1%,10.0,16.0,215.0,81.0,37.7%,13.0,5.0,38.5%,41.0,18.0,43.9%,24.0,16.0,310.0,5116.0,993.0,5.2,17.0,5.0,302.0,320.0,568.0,3808.0,21.0,12.0,6.4,191.0,397.0,1308.0,6.0,3.3,67.0,91.0,707.0,44.0,30.9,9.4,-9.8,19.4,5.0,16.0,299.0,5891.0,1010.0,5.8,25.0,7.0,300.0,365.0,579.0,4152.0,22.0,18.0,6.8,195.0,396.0,1739.0,9.0,4.4,77.0,130.0,1192.0,28.0,29.8,12.8,-9.75
60,Denver Broncos,5,2015,12,4,355,296,59,3.7,2.1,21.0,16.0,224.0,79.0,35.3%,14.0,7.0,50.0%,44.0,21.0,47.7%,12.0,16.0,227.0,80.0,35.2%,14.0,5.0,35.7%,37.0,22.0,59.5%,19.0,16.0,355.0,5688.0,1056.0,5.4,31.0,8.0,314.0,368.0,606.0,3970.0,19.0,23.0,6.2,201.0,411.0,1718.0,13.0,4.2,85.0,115.0,1063.0,28.0,31.2,15.1,-50.98,22.2,4.0,16.0,296.0,4530.0,1033.0,4.4,27.0,13.0,289.0,344.0,573.0,3193.0,19.0,14.0,5.1,162.0,408.0,1337.0,10.0,3.3,81.0,104.0,773.0,46.0,26.9,11.9,141.46
61,Carolina Panthers,4,2015,15,1,500,308,192,12.0,-3.9,16.0,16.0,203.0,86.0,42.4%,10.0,6.0,60.0%,63.0,43.0,68.3%,23.0,16.0,227.0,86.0,37.9%,26.0,15.0,57.7%,40.0,21.0,52.5%,1.0,16.0,500.0,5871.0,1060.0,5.5,19.0,9.0,357.0,300.0,501.0,3589.0,35.0,10.0,6.7,197.0,526.0,2282.0,19.0,4.3,136.0,103.0,887.0,24.0,42.9,9.6,115.28,31.3,6.0,16.0,308.0,5167.0,1058.0,4.9,39.0,15.0,298.0,390.0,650.0,3752.0,21.0,24.0,5.4,198.0,364.0,1415.0,11.0,3.9,74.0,99.0,822.0,26.0,26.5,19.4,117.7
62,New England Patriots,3,2015,12,4,465,315,150,9.4,-2.4,13.0,16.0,215.0,88.0,40.9%,15.0,9.0,60.0%,61.0,40.0,65.6%,18.0,16.0,225.0,84.0,37.3%,18.0,8.0,44.4%,42.0,24.0,57.1%,3.0,16.0,465.0,5991.0,1050.0,5.7,14.0,7.0,348.0,404.0,629.0,4587.0,36.0,7.0,6.9,230.0,383.0,1404.0,14.0,3.7,87.0,96.0,860.0,31.0,43.2,5.7,138.04,29.1,10.0,16.0,315.0,5430.0,1042.0,5.2,21.0,9.0,303.0,361.0,596.0,3852.0,24.0,12.0,6.0,204.0,397.0,1578.0,8.0,4.0,77.0,112.0,1013.0,22.0,28.9,10.5,27.26
63,Arizona Cardinals,3,2015,13,3,489,313,176,11.0,1.3,10.0,16.0,198.0,93.0,47.0%,9.0,4.0,44.4%,63.0,38.0,60.3%,7.0,16.0,210.0,75.0,35.7%,17.0,8.0,47.1%,47.0,26.0,55.3%,2.0,16.0,489.0,6533.0,1041.0,6.3,24.0,11.0,373.0,353.0,562.0,4616.0,35.0,13.0,7.8,237.0,452.0,1917.0,16.0,4.2,92.0,94.0,758.0,44.0,42.5,11.8,148.43,30.6,7.0,16.0,313.0,5147.0,982.0,5.2,33.0,14.0,284.0,343.0,573.0,3687.0,24.0,19.0,6.1,177.0,373.0,1460.0,9.0,3.9,79.0,130.0,1202.0,28.0,31.7,16.7,34.93
64,Pittsburgh Steelers,2,2015,10,6,423,319,104,6.5,2.2,25.0,16.0,193.0,75.0,38.9%,12.0,4.0,33.3%,56.0,34.0,60.7%,26.0,16.0,225.0,90.0,40.0%,24.0,7.0,29.2%,57.0,28.0,49.1%,5.0,16.0,423.0,6327.0,1011.0,6.3,28.0,7.0,331.0,391.0,590.0,4603.0,26.0,21.0,7.4,207.0,388.0,1724.0,16.0,4.4,91.0,94.0,868.0,33.0,40.5,13.7,22.98,26.4,11.0,16.0,319.0,5809.0,1055.0,5.5,30.0,13.0,327.0,402.0,625.0,4350.0,29.0,17.0,6.5,231.0,382.0,1459.0,6.0,3.8,71.0,121.0,1199.0,25.0,32.3,14.3,37.09
65,Seattle Seahawks,2,2015,10,6,423,277,146,9.1,2.2,3.0,16.0,213.0,99.0,46.5%,9.0,8.0,88.9%,49.0,27.0,55.1%,2.0,16.0,195.0,67.0,34.4%,7.0,1.0,14.3%,38.0,16.0,42.1%,4.0,16.0,423.0,6058.0,1035.0,5.9,16.0,8.0,335.0,333.0,489.0,3790.0,34.0,8.0,7.1,190.0,500.0,2268.0,10.0,4.5,128.0,117.0,1007.0,17.0,42.0,8.6,129.31,26.4,1.0,16.0,277.0,4668.0,947.0,4.9,23.0,9.0,273.0,333.0,548.0,3364.0,14.0,14.0,5.8,175.0,362.0,1304.0,10.0,3.6,71.0,94.0,795.0,27.0,29.3,13.2,59.08
66,Kansas City Chiefs,2,2015,11,5,405,287,118,7.4,1.6,23.0,16.0,199.0,76.0,38.2%,9.0,6.0,66.7%,54.0,31.0,57.4%,5.0,16.0,217.0,72.0,33.2%,27.0,13.0,48.1%,40.0,24.0,60.0%,9.0,16.0,405.0,5299.0,955.0,5.5,15.0,8.0,303.0,310.0,473.0,3255.0,20.0,7.0,6.3,155.0,436.0,2044.0,19.0,4.7,116.0,104.0,878.0,32.0,37.9,7.1,41.53,25.3,3.0,16.0,287.0,5269.0,1037.0,5.1,29.0,7.0,313.0,349.0,607.0,3698.0,25.0,22.0,5.7,193.0,383.0,1571.0,7.0,4.1,86.0,110.0,941.0,34.0,27.3,15.3,105.76
67,Green Bay Packers,2,2015,10,6,368,323,45,2.8,2.5,27.0,16.0,208.0,70.0,33.7%,21.0,11.0,52.4%,52.0,28.0,53.8%,11.0,16.0,220.0,79.0,35.9%,21.0,10.0,47.6%,49.0,28.0,57.1%,15.0,16.0,368.0,5353.0,1056.0,5.1,17.0,9.0,317.0,348.0,573.0,3503.0,31.0,8.0,5.7,173.0,436.0,1850.0,8.0,4.2,100.0,105.0,906.0,44.0,33.3,8.9,40.61,23.0,12.0,16.0,323.0,5547.0,1014.0,5.5,22.0,6.0,300.0,321.0,551.0,3642.0,20.0,16.0,6.1,183.0,420.0,1905.0,13.0,4.5,96.0,120.0,1107.0,21.0,31.3,11.5,-9.81
68,Minnesota Vikings,1,2015,11,5,365,302,63,3.9,1.9,22.0,16.0,199.0,76.0,38.2%,11.0,5.0,45.5%,44.0,22.0,50.0%,4.0,16.0,206.0,71.0,34.5%,22.0,11.0,50.0%,43.0,19.0,44.2%,16.0,16.0,365.0,5139.0,973.0,5.3,17.0,8.0,297.0,294.0,454.0,2928.0,14.0,9.0,5.9,153.0,474.0,2211.0,18.0,4.7,113.0,88.0,797.0,31.0,38.4,9.3,29.39,22.8,5.0,16.0,302.0,5510.0,1015.0,5.4,22.0,9.0,318.0,359.0,561.0,3762.0,24.0,13.0,6.2,189.0,411.0,1748.0,7.0,4.3,94.0,109.0,875.0,35.0,33.3,11.9,11.53
69,Washington Redskins,1,2015,9,7,388,379,9,0.6,-2.5,7.0,16.0,216.0,94.0,43.5%,12.0,7.0,58.3%,49.0,30.0,61.2%,9.0,16.0,207.0,78.0,37.7%,20.0,11.0,55.0%,49.0,27.0,55.1%,10.0,16.0,388.0,5661.0,1011.0,5.6,22.0,11.0,317.0,386.0,555.0,4095.0,30.0,11.0,7.0,208.0,429.0,1566.0,9.0,3.7,81.0,105.0,828.0,28.0,36.1,11.1,54.93,24.3,17.0,16.0,379.0,6090.0,1010.0,6.0,27.0,16.0,329.0,354.0,566.0,4128.0,30.0,11.0,6.8,202.0,406.0,1962.0,10.0,4.8,103.0,112.0,955.0,24.0,35.4,14.9,-55.35
70,Cincinnati Bengals,1,2015,12,4,419,279,140,8.8,1.9,20.0,16.0,201.0,81.0,40.3%,12.0,7.0,58.3%,58.0,38.0,65.5%,21.0,16.0,218.0,86.0,39.4%,20.0,9.0,45.0%,38.0,18.0,47.4%,7.0,16.0,419.0,5728.0,1004.0,5.7,17.0,8.0,324.0,334.0,505.0,3923.0,31.0,9.0,7.3,191.0,467.0,1805.0,18.0,3.9,99.0,111.0,917.0,34.0,39.6,9.3,82.59,26.2,2.0,16.0,279.0,5453.0,1032.0,5.3,28.0,7.0,307.0,415.0,646.0,3976.0,18.0,21.0,5.8,202.0,344.0,1477.0,8.0,4.3,74.0,116.0,1063.0,31.0,28.9,15.0,40.96
71,Houston Texans,1,2015,9,7,339,313,26,1.6,-2.4,5.0,16.0,249.0,96.0,38.6%,19.0,6.0,31.6%,45.0,26.0,57.8%,1.0,16.0,214.0,61.0,28.5%,12.0,7.0,58.3%,39.0,22.0,56.4%,22.0,16.0,339.0,5564.0,1127.0,4.9,20.0,8.0,335.0,358.0,619.0,3833.0,29.0,12.0,5.9,210.0,472.0,1731.0,7.0,3.7,90.0,107.0,910.0,35.0,28.9,9.8,-38.02,21.2,8.0,16.0,313.0,4963.0,986.0,5.0,25.0,11.0,281.0,326.0,553.0,3366.0,24.0,14.0,5.6,173.0,388.0,1597.0,10.0,4.1,79.0,116.0,991.0,29.0,27.3,11.1,46.6
72,New England Patriots,5,2016,14,2,441,250,191,11.9,-2.7,2.0,16.0,227.0,104.0,45.8%,12.0,8.0,66.7%,60.0,38.0,63.3%,3.0,16.0,206.0,76.0,36.9%,18.0,7.0,38.9%,44.0,23.0,52.3%,3.0,16.0,441.0,6180.0,1056.0,5.9,11.0,9.0,351.0,368.0,550.0,4308.0,32.0,2.0,7.5,203.0,482.0,1872.0,19.0,3.9,109.0,93.0,819.0,39.0,42.9,4.9,113.38,27.6,1.0,16.0,250.0,5223.0,998.0,5.2,23.0,10.0,294.0,368.0,596.0,3806.0,21.0,13.0,6.0,190.0,368.0,1417.0,6.0,3.9,81.0,113.0,930.0,23.0,26.8,11.2,108.15
73,Atlanta Falcons,4,2016,11,5,540,406,134,8.4,0.1,28.0,16.0,178.0,75.0,42.1%,14.0,8.0,57.1%,63.0,39.0,61.9%,27.0,16.0,213.0,89.0,41.8%,25.0,18.0,72.0%,55.0,40.0,72.7%,1.0,16.0,540.0,6653.0,995.0,6.7,11.0,4.0,379.0,374.0,537.0,4725.0,38.0,7.0,8.2,239.0,421.0,1928.0,20.0,4.6,108.0,104.0,848.0,32.0,52.6,6.3,212.07,33.8,27.0,16.0,406.0,5939.0,1059.0,5.6,22.0,10.0,358.0,422.0,655.0,4267.0,31.0,12.0,6.2,232.0,370.0,1672.0,15.0,4.5,95.0,113.0,974.0,31.0,39.2,11.4,-34.14
74,Pittsburgh Steelers,3,2016,11,5,399,327,72,4.5,0.2,16.0,16.0,202.0,83.0,41.1%,16.0,9.0,56.3%,49.0,29.0,59.2%,26.0,16.0,214.0,88.0,41.1%,21.0,11.0,52.4%,57.0,26.0,45.6%,11.0,16.0,399.0,5962.0,1026.0,5.8,18.0,3.0,336.0,381.0,596.0,4202.0,33.0,15.0,6.8,210.0,409.0,1760.0,13.0,4.3,97.0,112.0,1068.0,29.0,38.5,9.9,-22.48,24.9,10.0,16.0,327.0,5482.0,997.0,5.5,23.0,10.0,313.0,381.0,590.0,3882.0,20.0,13.0,6.2,184.0,369.0,1600.0,15.0,4.3,95.0,109.0,920.0,34.0,34.5,11.9,13.12
75,Green Bay Packers,3,2016,10,6,432,388,44,2.8,0.1,4.0,16.0,210.0,98.0,46.7%,17.0,7.0,41.2%,66.0,40.0,60.6%,16.0,16.0,199.0,82.0,41.2%,18.0,12.0,66.7%,45.0,28.0,62.2%,4.0,16.0,432.0,5900.0,1029.0,5.7,17.0,9.0,349.0,403.0,620.0,4199.0,40.0,8.0,6.4,222.0,374.0,1701.0,11.0,4.5,91.0,100.0,827.0,36.0,43.8,9.1,115.16,27.0,21.0,16.0,388.0,5823.0,987.0,5.9,25.0,8.0,329.0,370.0,571.0,4308.0,32.0,17.0,7.1,227.0,376.0,1515.0,11.0,4.0,80.0,109.0,964.0,22.0,41.0,13.9,-29.27
76,Kansas City Chiefs,2,2016,12,4,389,311,78,4.9,0.7,20.0,16.0,213.0,81.0,38.0%,14.0,10.0,71.4%,55.0,25.0,45.5%,30.0,16.0,222.0,96.0,43.2%,20.0,10.0,50.0%,53.0,26.0,49.1%,13.0,16.0,389.0,5488.0,990.0,5.5,17.0,9.0,305.0,365.0,546.0,3740.0,19.0,8.0,6.5,197.0,412.0,1748.0,15.0,4.2,86.0,109.0,848.0,22.0,37.1,9.0,-23.04,24.3,7.0,16.0,311.0,5896.0,1063.0,5.5,33.0,15.0,342.0,350.0,598.0,3958.0,23.0,18.0,6.3,209.0,437.0,1938.0,10.0,4.4,102.0,109.0,797.0,31.0,31.9,16.5,59.03
77,Dallas Cowboys,2,2016,13,3,421,306,115,7.2,-0.2,21.0,16.0,189.0,80.0,42.3%,9.0,8.0,88.9%,57.0,38.0,66.7%,4.0,16.0,197.0,77.0,39.1%,14.0,9.0,64.3%,54.0,29.0,53.7%,5.0,16.0,421.0,6027.0,1010.0,6.0,15.0,9.0,358.0,325.0,483.0,3631.0,25.0,6.0,7.1,191.0,499.0,2396.0,24.0,4.8,142.0,105.0,879.0,25.0,43.9,8.7,86.3,26.3,5.0,16.0,306.0,5503.0,1009.0,5.5,20.0,11.0,330.0,425.0,633.0,4167.0,25.0,9.0,6.2,226.0,340.0,1336.0,9.0,3.9,79.0,90.0,784.0,25.0,35.1,11.3,-27.42
78,Houston Texans,2,2016,9,7,279,328,-49,-3.1,0.4,9.0,16.0,233.0,87.0,37.3%,23.0,9.0,39.1%,44.0,18.0,40.9%,15.0,16.0,213.0,82.0,38.5%,13.0,3.0,23.1%,44.0,23.0,52.3%,28.0,16.0,279.0,5035.0,1071.0,4.7,24.0,8.0,305.0,347.0,583.0,3176.0,15.0,16.0,5.2,173.0,456.0,1859.0,8.0,4.1,102.0,87.0,868.0,30.0,31.4,11.4,-102.3,17.4,11.0,16.0,328.0,4821.0,950.0,5.1,17.0,6.0,272.0,319.0,522.0,3226.0,20.0,11.0,5.8,157.0,397.0,1595.0,13.0,4.0,87.0,114.0,949.0,28.0,31.7,9.1,88.96
79,Seattle Seahawks,2,2016,10,5,354,292,62,3.9,-1.7,22.0,16.0,207.0,79.0,38.2%,11.0,4.0,36.4%,56.0,26.0,46.4%,12.0,16.0,212.0,82.0,38.7%,20.0,6.0,30.0%,46.0,26.0,56.5%,18.0,16.0,354.0,5715.0,1012.0,5.6,18.0,6.0,313.0,368.0,567.0,4124.0,23.0,12.0,6.8,203.0,403.0,1591.0,13.0,3.9,85.0,117.0,970.0,25.0,37.3,9.7,-11.48,22.1,3.0,16.0,292.0,5099.0,1020.0,5.0,19.0,8.0,307.0,331.0,537.0,3612.0,16.0,11.0,6.2,180.0,441.0,1487.0,16.0,3.4,94.0,103.0,925.0,33.0,28.3,10.3,69.7
80,Miami Dolphins,1,2016,10,6,363,380,-17,-1.1,-1.3,31.0,16.0,188.0,69.0,36.7%,4.0,0.0,0.0%,47.0,26.0,55.3%,6.0,16.0,213.0,77.0,36.2%,16.0,9.0,56.3%,51.0,29.0,56.9%,17.0,16.0,363.0,5324.0,913.0,5.8,23.0,8.0,278.0,316.0,477.0,3500.0,27.0,15.0,6.9,167.0,406.0,1824.0,14.0,4.5,90.0,125.0,1142.0,21.0,30.7,11.1,-48.39,22.7,18.0,16.0,380.0,6122.0,1088.0,5.6,25.0,9.0,349.0,368.0,591.0,3875.0,30.0,16.0,6.2,199.0,464.0,2247.0,12.0,4.8,109.0,109.0,919.0,41.0,35.1,12.9,-16.46
81,New York Giants,1,2016,11,5,310,284,26,1.6,0.5,23.0,16.0,219.0,78.0,35.6%,19.0,9.0,47.4%,43.0,23.0,53.5%,20.0,16.0,238.0,84.0,35.3%,14.0,7.0,50.0%,43.0,17.0,39.5%,26.0,16.0,310.0,5291.0,1018.0,5.2,27.0,11.0,289.0,377.0,598.0,3879.0,26.0,16.0,6.3,190.0,398.0,1412.0,6.0,3.5,73.0,88.0,857.0,26.0,27.5,13.0,-74.19,19.4,2.0,16.0,284.0,5435.0,1062.0,5.1,25.0,8.0,298.0,369.0,630.0,4018.0,15.0,17.0,6.0,191.0,397.0,1417.0,10.0,3.6,82.0,104.0,853.0,25.0,29.9,12.2,98.26
82,Detroit Lions,1,2016,9,7,346,358,-12,-0.8,-0.6,14.0,16.0,195.0,83.0,42.6%,10.0,7.0,70.0%,48.0,26.0,54.2%,28.0,16.0,198.0,90.0,45.5%,8.0,3.0,37.5%,53.0,36.0,67.9%,20.0,16.0,346.0,5421.0,981.0,5.5,15.0,5.0,329.0,388.0,594.0,4111.0,24.0,10.0,6.5,217.0,350.0,1310.0,9.0,3.7,76.0,100.0,861.0,36.0,41.0,9.0,30.86,21.6,13.0,16.0,358.0,5676.0,964.0,5.9,14.0,4.0,333.0,399.0,549.0,3975.0,33.0,10.0,6.9,206.0,389.0,1701.0,8.0,4.4,99.0,122.0,979.0,28.0,39.4,8.8,-88.0
83,Oakland Raiders,1,2016,12,4,416,385,31,1.9,1.3,15.0,16.0,218.0,83.0,38.1%,13.0,6.0,46.2%,56.0,32.0,57.1%,7.0,16.0,198.0,78.0,39.4%,15.0,4.0,26.7%,57.0,33.0,57.9%,7.0,16.0,416.0,5973.0,1048.0,5.7,14.0,7.0,333.0,379.0,596.0,4051.0,29.0,7.0,6.6,198.0,434.0,1922.0,17.0,4.4,98.0,147.0,1247.0,37.0,38.7,7.2,-24.48,26.0,20.0,16.0,385.0,6001.0,987.0,6.1,30.0,14.0,318.0,328.0,541.0,4120.0,27.0,16.0,7.3,188.0,421.0,1881.0,18.0,4.5,94.0,115.0,1062.0,36.0,35.3,14.2,-28.15
84,Philadelphia Eagles,5,2017,13,3,457,295,162,10.1,-0.7,2.0,16.0,230.0,96.0,41.7%,26.0,17.0,65.4%,55.0,36.0,65.5%,2.0,16.0,205.0,66.0,32.2%,18.0,4.0,22.2%,38.0,21.0,55.3%,3.0,16.0,457.0,5852.0,1073.0,5.5,20.0,11.0,338.0,341.0,564.0,3737.0,38.0,9.0,6.2,193.0,473.0,2115.0,9.0,4.5,108.0,116.0,962.0,37.0,40.3,9.4,21.06,28.6,4.0,16.0,295.0,4904.0,976.0,5.0,31.0,12.0,272.0,363.0,601.0,3637.0,24.0,19.0,5.7,177.0,337.0,1267.0,7.0,3.8,62.0,101.0,917.0,33.0,27.1,15.4,162.09
85,New England Patriots,4,2017,13,3,458,296,162,10.1,-1.2,16.0,16.0,202.0,82.0,40.6%,13.0,8.0,61.5%,70.0,42.0,60.0%,16.0,16.0,208.0,82.0,39.4%,23.0,10.0,43.5%,48.0,21.0,43.8%,2.0,16.0,458.0,6307.0,1070.0,5.9,12.0,4.0,389.0,389.0,587.0,4418.0,32.0,8.0,7.1,232.0,448.0,1889.0,16.0,4.2,107.0,95.0,835.0,50.0,49.4,6.9,114.84,28.6,5.0,16.0,296.0,5856.0,1022.0,5.7,18.0,6.0,325.0,367.0,590.0,4020.0,24.0,12.0,6.4,204.0,390.0,1836.0,6.0,4.7,98.0,111.0,1035.0,23.0,30.2,9.9,12.09
86,Minnesota Vikings,3,2017,13,3,382,252,130,8.1,1.0,3.0,16.0,216.0,94.0,43.5%,7.0,1.0,14.3%,57.0,33.0,57.9%,1.0,16.0,202.0,51.0,25.2%,23.0,9.0,39.1%,40.0,16.0,40.0%,10.0,16.0,382.0,5710.0,1055.0,5.4,14.0,6.0,334.0,357.0,527.0,3753.0,25.0,8.0,6.8,196.0,501.0,1957.0,15.0,3.9,100.0,100.0,949.0,38.0,38.9,7.6,-54.08,23.9,1.0,16.0,252.0,4415.0,956.0,4.6,19.0,5.0,260.0,324.0,555.0,3078.0,13.0,14.0,5.2,168.0,364.0,1337.0,10.0,3.7,59.0,105.0,928.0,33.0,27.9,10.1,145.07
87,Jacksonville Jaguars,3,2017,10,6,417,268,149,9.3,-2.8,13.0,16.0,227.0,85.0,37.4%,13.0,10.0,76.9%,50.0,32.0,64.0%,7.0,16.0,220.0,74.0,33.6%,13.0,6.0,46.2%,28.0,11.0,39.3%,5.0,16.0,417.0,5855.0,1078.0,5.4,23.0,10.0,332.0,316.0,527.0,3593.0,21.0,13.0,6.5,193.0,527.0,2262.0,18.0,4.3,101.0,112.0,936.0,38.0,34.7,11.1,-36.01,26.1,2.0,16.0,268.0,4578.0,993.0,4.6,33.0,12.0,257.0,289.0,509.0,2718.0,17.0,21.0,4.8,143.0,429.0,1860.0,9.0,4.3,91.0,112.0,1050.0,23.0,23.9,15.6,252.15
88,Pittsburgh Steelers,2,2017,13,3,406,308,98,6.1,-1.1,6.0,16.0,209.0,92.0,44.0%,8.0,3.0,37.5%,63.0,32.0,50.8%,5.0,16.0,199.0,72.0,36.2%,19.0,6.0,31.6%,39.0,24.0,61.5%,8.0,16.0,406.0,6047.0,1051.0,5.8,20.0,5.0,348.0,384.0,590.0,4380.0,29.0,15.0,7.1,217.0,437.0,1667.0,12.0,3.8,96.0,101.0,897.0,35.0,43.0,10.6,-32.55,25.4,7.0,16.0,308.0,4910.0,940.0,5.2,22.0,6.0,270.0,297.0,499.0,3217.0,20.0,16.0,5.8,157.0,385.0,1693.0,14.0,4.4,89.0,110.0,1041.0,24.0,30.3,12.4,31.72
89,New Orleans Saints,2,2017,11,5,448,326,122,7.6,1.5,27.0,16.0,194.0,73.0,37.6%,15.0,12.0,80.0%,55.0,32.0,58.2%,23.0,16.0,212.0,87.0,41.0%,12.0,4.0,33.3%,48.0,25.0,52.1%,4.0,16.0,448.0,6259.0,1000.0,6.3,18.0,10.0,332.0,386.0,536.0,4189.0,23.0,8.0,7.5,201.0,444.0,2070.0,23.0,4.7,111.0,105.0,967.0,20.0,44.6,9.1,7.38,28.0,10.0,16.0,326.0,5384.0,1002.0,5.4,25.0,5.0,308.0,329.0,554.0,3597.0,22.0,20.0,6.0,172.0,406.0,1787.0,11.0,4.4,92.0,108.0,850.0,44.0,33.3,13.6,64.3
90,Atlanta Falcons,2,2017,10,6,353,315,38,2.4,1.9,9.0,16.0,197.0,88.0,44.7%,13.0,4.0,30.8%,54.0,27.0,50.0%,8.0,16.0,196.0,75.0,38.3%,19.0,13.0,68.4%,48.0,22.0,45.8%,15.0,16.0,353.0,5837.0,984.0,5.9,18.0,6.0,330.0,343.0,530.0,3990.0,21.0,12.0,7.2,200.0,430.0,1847.0,12.0,4.3,101.0,102.0,918.0,29.0,41.2,10.3,-46.05,22.1,8.0,16.0,315.0,5094.0,994.0,5.1,16.0,8.0,323.0,362.0,553.0,3429.0,22.0,8.0,5.8,197.0,402.0,1665.0,9.0,4.1,97.0,103.0,880.0,29.0,36.0,9.1,127.47
91,Tennessee Titans,2,2017,9,7,334,356,-22,-1.4,-2.1,28.0,16.0,202.0,71.0,35.1%,10.0,5.0,50.0%,40.0,21.0,52.5%,11.0,16.0,214.0,78.0,36.4%,16.0,10.0,62.5%,56.0,27.0,48.2%,19.0,16.0,334.0,5024.0,974.0,5.2,25.0,8.0,290.0,306.0,496.0,3191.0,14.0,17.0,6.0,157.0,443.0,1833.0,18.0,4.1,97.0,85.0,785.0,36.0,35.1,12.6,-134.32,20.9,17.0,16.0,356.0,5248.0,1046.0,5.0,21.0,9.0,323.0,369.0,605.0,3828.0,27.0,12.0,5.9,231.0,398.0,1420.0,5.0,3.6,68.0,119.0,942.0,24.0,37.3,10.8,77.51
92,Carolina Panthers,1,2017,11,5,363,327,36,2.3,2.1,5.0,16.0,222.0,93.0,41.9%,11.0,5.0,45.5%,52.0,28.0,53.8%,10.0,16.0,206.0,78.0,37.9%,20.0,7.0,35.0%,44.0,21.0,47.7%,12.0,16.0,363.0,5179.0,1026.0,5.0,22.0,6.0,320.0,293.0,501.0,3077.0,22.0,16.0,5.7,167.0,490.0,2102.0,15.0,4.3,121.0,83.0,682.0,32.0,37.4,11.7,-100.34,22.7,11.0,16.0,327.0,5074.0,953.0,5.3,21.0,11.0,282.0,351.0,550.0,3665.0,25.0,10.0,6.1,187.0,353.0,1409.0,7.0,4.0,69.0,101.0,867.0,26.0,33.9,11.7,102.03
93,Buffalo Bills,1,2017,9,7,302,359,-57,-3.6,-0.5,1.0,16.0,241.0,101.0,41.9%,15.0,2.0,13.3%,44.0,23.0,52.3%,13.0,16.0,214.0,82.0,38.3%,20.0,11.0,55.0%,57.0,30.0,52.6%,22.0,16.0,302.0,4842.0,1010.0,4.8,16.0,6.0,278.0,289.0,476.0,2825.0,16.0,10.0,5.4,149.0,487.0,2017.0,12.0,4.1,105.0,98.0,872.0,24.0,31.7,8.9,-156.16,18.9,18.0,16.0,359.0,5682.0,1066.0,5.3,25.0,7.0,348.0,370.0,573.0,3688.0,14.0,18.0,6.1,199.0,466.0,1994.0,22.0,4.3,121.0,97.0,873.0,28.0,37.2,13.1,86.45
94,Kansas City Chiefs,1,2017,10,6,415,339,76,4.8,-1.3,22.0,16.0,199.0,78.0,39.2%,10.0,3.0,30.0%,50.0,21.0,42.0%,17.0,16.0,207.0,83.0,40.1%,17.0,9.0,52.9%,51.0,28.0,54.9%,6.0,16.0,415.0,6007.0,985.0,6.1,11.0,3.0,322.0,363.0,543.0,4104.0,26.0,8.0,7.1,198.0,405.0,1903.0,12.0,4.7,95.0,118.0,1044.0,29.0,44.9,6.3,-22.58,25.9,15.0,16.0,339.0,5842.0,1044.0,5.6,26.0,10.0,352.0,325.0,570.0,3952.0,23.0,16.0,6.6,204.0,443.0,1890.0,15.0,4.3,112.0,107.0,864.0,36.0,33.5,13.4,37.66
95,Los Angeles Rams,1,2017,11,5,478,329,149,9.3,-0.2,8.0,16.0,214.0,88.0,41.1%,12.0,5.0,41.7%,69.0,38.0,55.1%,20.0,16.0,227.0,86.0,37.9%,15.0,9.0,60.0%,46.0,27.0,58.7%,1.0,16.0,478.0,5784.0,1000.0,5.8,21.0,14.0,311.0,320.0,518.0,3831.0,28.0,7.0,7.0,185.0,454.0,1953.0,17.0,4.3,97.0,107.0,922.0,29.0,45.3,9.5,-43.18,29.9,12.0,16.0,329.0,5432.0,1021.0,5.3,28.0,10.0,300.0,324.0,555.0,3475.0,21.0,18.0,5.8,181.0,418.0,1957.0,15.0,4.7,86.0,102.0,808.0,33.0,30.6,14.0,100.44
96,New England Patriots,5,2018,11,5,436,325,111,6.9,-1.8,13.0,16.0,201.0,82.0,40.8%,14.0,7.0,50.0%,57.0,34.0,59.6%,15.0,16.0,197.0,76.0,38.6%,16.0,6.0,37.5%,46.0,27.0,58.7%,4.0,16.0,436.0,6295.0,1073.0,5.9,18.0,7.0,365.0,378.0,574.0,4258.0,29.0,11.0,7.2,206.0,478.0,2037.0,18.0,4.3,131.0,93.0,744.0,28.0,40.8,9.2,190.96,27.3,7.0,16.0,325.0,5746.0,1002.0,5.7,28.0,10.0,322.0,370.0,605.0,3943.0,29.0,18.0,6.2,208.0,367.0,1803.0,7.0,4.9,93.0,91.0,838.0,21.0,32.6,15.0,-32.66
97,Los Angeles Rams,4,2018,13,3,527,384,143,8.9,-0.4,8.0,16.0,191.0,86.0,45.0%,15.0,6.0,40.0%,80.0,46.0,57.5%,4.0,16.0,188.0,70.0,37.2%,15.0,9.0,60.0%,52.0,30.0,57.7%,2.0,16.0,527.0,6738.0,1060.0,6.4,19.0,7.0,401.0,368.0,568.0,4507.0,32.0,12.0,7.5,236.0,459.0,2231.0,23.0,4.9,134.0,96.0,878.0,31.0,48.6,9.8,239.79,32.9,20.0,16.0,384.0,5737.0,960.0,6.0,30.0,12.0,322.0,347.0,533.0,3780.0,31.0,18.0,6.6,185.0,386.0,1957.0,12.0,5.1,101.0,99.0,852.0,36.0,38.2,16.9,-74.04
98,New Orleans Saints,3,2018,13,3,504,353,151,9.4,0.6,14.0,16.0,184.0,82.0,44.6%,16.0,13.0,81.3%,69.0,48.0,69.6%,16.0,16.0,189.0,78.0,41.3%,29.0,14.0,48.3%,49.0,31.0,63.3%,3.0,16.0,504.0,6067.0,1010.0,6.0,16.0,9.0,377.0,381.0,519.0,4042.0,33.0,7.0,7.5,210.0,471.0,2025.0,26.0,4.3,134.0,94.0,939.0,33.0,51.8,9.5,237.73,31.5,14.0,16.0,353.0,5585.0,978.0,5.7,24.0,12.0,333.0,384.0,573.0,4302.0,30.0,12.0,6.9,224.0,356.0,1283.0,12.0,3.6,72.0,85.0,814.0,37.0,36.0,14.6,-83.8
99,Kansas City Chiefs,3,2018,12,4,565,421,144,9.0,-0.1,10.0,16.0,176.0,83.0,47.2%,15.0,12.0,80.0%,71.0,51.0,71.8%,21.0,16.0,193.0,80.0,41.5%,27.0,18.0,66.7%,58.0,42.0,72.4%,1.0,16.0,565.0,6810.0,996.0,6.8,18.0,6.0,384.0,385.0,583.0,4955.0,50.0,12.0,8.1,239.0,387.0,1855.0,16.0,4.8,108.0,137.0,1152.0,37.0,52.6,10.5,298.14,35.3,24.0,16.0,421.0,6488.0,1109.0,5.9,27.0,12.0,419.0,406.0,632.0,4374.0,30.0,15.0,6.4,247.0,425.0,2114.0,19.0,5.0,129.0,107.0,881.0,43.0,40.8,14.9,-163.28
100,Los Angeles Chargers,2,2018,12,4,428,329,99,6.2,-0.2,26.0,16.0,177.0,70.0,39.5%,8.0,7.0,87.5%,53.0,34.0,64.2%,19.0,16.0,202.0,79.0,39.1%,20.0,11.0,55.0%,50.0,25.0,50.0%,7.0,16.0,428.0,5962.0,945.0,6.3,19.0,7.0,338.0,348.0,512.0,4089.0,32.0,12.0,7.5,213.0,399.0,1873.0,16.0,4.7,100.0,113.0,967.0,25.0,42.4,10.0,170.19,26.8,8.0,16.0,329.0,5339.0,981.0,5.4,20.0,7.0,311.0,351.0,548.0,3646.0,23.0,13.0,6.2,178.0,395.0,1693.0,11.0,4.3,101.0,103.0,828.0,32.0,33.7,11.8,-38.61
101,Philadelphia Eagles,2,2018,9,7,367,348,19,1.2,0.5,9.0,16.0,205.0,84.0,41.0%,23.0,14.0,60.9%,57.0,33.0,57.9%,5.0,16.0,201.0,71.0,35.3%,19.0,11.0,57.9%,56.0,25.0,44.6%,18.0,16.0,367.0,5845.0,1037.0,5.6,23.0,12.0,346.0,422.0,599.0,4275.0,29.0,11.0,6.7,221.0,398.0,1570.0,12.0,3.9,94.0,100.0,852.0,31.0,38.1,12.5,91.97,22.9,12.0,16.0,348.0,5859.0,1002.0,5.8,17.0,7.0,308.0,417.0,626.0,4308.0,22.0,10.0,6.4,215.0,332.0,1551.0,14.0,4.7,71.0,115.0,995.0,22.0,38.6,9.1,-90.19
102,Dallas Cowboys,2,2018,10,6,339,324,15,0.9,0.2,5.0,16.0,215.0,89.0,41.4%,21.0,12.0,57.1%,50.0,24.0,48.0%,25.0,16.0,201.0,85.0,42.3%,14.0,6.0,42.9%,49.0,25.0,51.0%,22.0,16.0,339.0,5501.0,1022.0,5.4,17.0,9.0,322.0,356.0,527.0,3538.0,22.0,8.0,6.1,184.0,439.0,1963.0,13.0,4.5,113.0,104.0,885.0,25.0,37.9,10.1,83.04,21.2,6.0,16.0,324.0,5268.0,981.0,5.4,20.0,11.0,309.0,367.0,542.0,3755.0,22.0,9.0,6.5,193.0,400.0,1513.0,12.0,3.8,89.0,89.0,681.0,27.0,36.5,12.0,-52.66
103,Indianapolis Colts,2,2018,10,6,433,344,89,5.6,-2.2,1.0,16.0,214.0,104.0,48.6%,15.0,7.0,46.7%,64.0,44.0,68.8%,23.0,16.0,200.0,82.0,41.0%,15.0,7.0,46.7%,43.0,23.0,53.5%,5.0,16.0,433.0,6179.0,1070.0,5.8,24.0,9.0,371.0,432.0,644.0,4461.0,39.0,15.0,6.7,237.0,408.0,1718.0,13.0,4.2,96.0,120.0,953.0,38.0,41.2,13.2,140.47,27.1,10.0,16.0,344.0,5435.0,997.0,5.5,26.0,11.0,315.0,384.0,542.0,3805.0,21.0,15.0,6.6,203.0,417.0,1630.0,12.0,3.9,87.0,131.0,1115.0,25.0,35.5,14.5,-37.23
104,Baltimore Ravens,1,2018,10,6,389,287,102,6.4,0.6,2.0,16.0,231.0,104.0,45.0%,22.0,13.0,59.1%,59.0,33.0,55.9%,6.0,16.0,211.0,72.0,34.1%,20.0,10.0,50.0%,41.0,26.0,63.4%,13.0,16.0,389.0,5999.0,1135.0,5.3,20.0,11.0,367.0,334.0,556.0,3558.0,18.0,9.0,6.1,184.0,547.0,2441.0,19.0,4.5,153.0,116.0,940.0,30.0,40.7,10.7,72.85,24.3,2.0,16.0,287.0,4687.0,974.0,4.8,17.0,5.0,286.0,337.0,577.0,3360.0,21.0,12.0,5.4,174.0,354.0,1327.0,11.0,3.7,82.0,113.0,1017.0,30.0,29.1,9.5,39.88
105,Chicago Bears,1,2018,12,4,421,283,138,8.6,-2.3,11.0,16.0,200.0,82.0,41.0%,15.0,9.0,60.0%,54.0,36.0,66.7%,12.0,16.0,219.0,75.0,34.2%,28.0,16.0,57.1%,40.0,20.0,50.0%,9.0,16.0,421.0,5502.0,1013.0,5.4,24.0,10.0,331.0,344.0,512.0,3564.0,28.0,14.0,6.5,177.0,468.0,1938.0,16.0,4.1,108.0,97.0,796.0,46.0,36.8,13.2,96.31,26.3,1.0,16.0,283.0,4795.0,1004.0,4.8,36.0,9.0,278.0,377.0,615.0,3515.0,22.0,27.0,5.3,186.0,339.0,1280.0,5.0,3.8,67.0,114.0,1022.0,25.0,28.6,19.5,95.5
106,Seattle Seahawks,1,2018,10,6,428,347,81,5.1,-0.6,15.0,16.0,208.0,81.0,38.9%,14.0,11.0,78.6%,55.0,36.0,65.5%,2.0,16.0,183.0,64.0,35.0%,13.0,6.0,46.2%,51.0,25.0,49.0%,6.0,16.0,428.0,5653.0,1012.0,5.6,11.0,4.0,329.0,280.0,427.0,3093.0,35.0,7.0,6.5,156.0,534.0,2560.0,15.0,4.8,133.0,111.0,959.0,40.0,39.8,6.1,128.78,26.8,11.0,16.0,347.0,5653.0,955.0,5.9,26.0,14.0,323.0,355.0,546.0,3842.0,26.0,12.0,6.5,201.0,366.0,1811.0,9.0,4.9,91.0,108.0,981.0,31.0,35.2,14.2,-61.32
107,Houston Texans,1,2018,11,5,402,316,86,5.4,-1.5,16.0,16.0,208.0,77.0,37.0%,12.0,8.0,66.7%,60.0,30.0,50.0%,29.0,16.0,227.0,91.0,40.1%,20.0,12.0,60.0%,41.0,29.0,70.7%,11.0,16.0,402.0,5802.0,1040.0,5.6,16.0,7.0,333.0,345.0,506.0,3781.0,26.0,9.0,6.7,202.0,472.0,2021.0,12.0,4.3,94.0,105.0,787.0,37.0,40.3,8.1,84.1,25.1,4.0,16.0,316.0,5490.0,1022.0,5.4,29.0,14.0,298.0,385.0,594.0,4167.0,28.0,15.0,6.5,200.0,385.0,1323.0,8.0,3.4,76.0,117.0,945.0,22.0,31.6,13.9,-10.29
108,Kansas City Chiefs,5,2019,12,4,451,308,143,8.9,0.2,6.0,16.0,187.0,89.0,47.6%,10.0,6.0,60.0%,50.0,27.0,54.0%,11.0,16.0,202.0,75.0,37.1%,31.0,16.0,51.6%,57.0,29.0,50.9%,5.0,16.0,451.0,6067.0,976.0,6.2,15.0,10.0,350.0,378.0,576.0,4498.0,30.0,5.0,7.5,211.0,375.0,1569.0,16.0,4.2,93.0,107.0,1029.0,46.0,48.8,7.9,263.38,28.2,7.0,16.0,308.0,5594.0,1043.0,5.4,23.0,7.0,344.0,352.0,582.0,3543.0,21.0,16.0,5.7,190.0,416.0,2051.0,14.0,4.9,115.0,116.0,844.0,39.0,34.1,13.4,-56.69
109,San Francisco 49ers,4,2019,13,3,479,310,169,10.6,0.4,4.0,16.0,200.0,90.0,45.0%,12.0,7.0,58.3%,62.0,33.0,53.2%,2.0,16.0,192.0,64.0,33.3%,25.0,8.0,32.0%,40.0,24.0,60.0%,2.0,16.0,479.0,6097.0,1012.0,6.0,23.0,10.0,336.0,331.0,478.0,3792.0,28.0,13.0,7.4,195.0,498.0,2305.0,23.0,4.6,110.0,105.0,939.0,31.0,44.3,12.0,140.39,29.9,8.0,16.0,310.0,4509.0,968.0,4.7,27.0,15.0,285.0,318.0,519.0,2707.0,23.0,12.0,4.8,150.0,401.0,1802.0,11.0,4.5,105.0,116.0,957.0,30.0,28.8,14.1,84.41
110,Green Bay Packers,3,2019,13,3,376,313,63,3.9,-0.7,23.0,16.0,203.0,73.0,36.0%,14.0,7.0,50.0%,50.0,32.0,64.0%,10.0,16.0,197.0,75.0,38.1%,18.0,8.0,44.4%,48.0,24.0,50.0%,15.0,16.0,376.0,5528.0,1020.0,5.4,13.0,9.0,320.0,356.0,573.0,3733.0,26.0,4.0,6.1,190.0,411.0,1795.0,18.0,4.4,90.0,100.0,774.0,40.0,37.3,6.8,113.4,23.5,9.0,16.0,313.0,5642.0,998.0,5.7,25.0,8.0,310.0,326.0,546.0,3721.0,19.0,17.0,6.3,191.0,411.0,1921.0,15.0,4.7,99.0,97.0,968.0,20.0,34.3,14.0,-59.65
111,Tennessee Titans,3,2019,9,7,402,331,71,4.4,-1.0,27.0,16.0,185.0,70.0,37.8%,14.0,4.0,28.6%,45.0,34.0,75.6%,8.0,16.0,204.0,74.0,36.3%,25.0,10.0,40.0%,47.0,32.0,68.1%,10.0,16.0,402.0,5805.0,949.0,6.1,17.0,9.0,317.0,297.0,448.0,3582.0,29.0,8.0,7.1,177.0,445.0,2223.0,21.0,5.0,104.0,99.0,932.0,36.0,31.4,8.6,115.88,25.1,12.0,16.0,331.0,5752.0,1056.0,5.4,23.0,9.0,335.0,386.0,598.0,4080.0,25.0,14.0,6.4,213.0,415.0,1672.0,14.0,4.0,95.0,125.0,1025.0,27.0,31.7,11.6,-49.2
112,Seattle Seahawks,2,2019,11,5,405,398,7,0.4,2.3,18.0,16.0,200.0,79.0,39.5%,14.0,7.0,50.0%,60.0,38.0,63.3%,5.0,16.0,185.0,71.0,38.4%,12.0,7.0,58.3%,52.0,32.0,61.5%,9.0,16.0,405.0,5991.0,1046.0,5.7,20.0,14.0,341.0,341.0,517.0,3791.0,31.0,6.0,6.7,190.0,481.0,2200.0,15.0,4.6,121.0,109.0,882.0,30.0,36.5,10.6,86.55,25.3,22.0,16.0,398.0,6106.0,1014.0,6.0,32.0,16.0,346.0,383.0,598.0,4223.0,19.0,16.0,6.7,224.0,388.0,1883.0,22.0,4.9,97.0,96.0,798.0,25.0,36.9,16.2,-83.02
113,Houston Texans,2,2019,10,6,378,385,-7,-0.4,1.0,13.0,16.0,193.0,84.0,43.5%,25.0,13.0,52.0%,53.0,34.0,64.2%,30.0,16.0,202.0,98.0,48.5%,16.0,7.0,43.8%,49.0,35.0,71.4%,14.0,16.0,378.0,5792.0,1017.0,5.7,22.0,8.0,346.0,355.0,534.0,3783.0,27.0,14.0,6.5,203.0,434.0,2009.0,17.0,4.6,112.0,111.0,892.0,31.0,37.9,12.4,118.67,23.6,19.0,16.0,385.0,6213.0,1020.0,6.1,22.0,10.0,346.0,375.0,586.0,4276.0,33.0,12.0,6.9,220.0,403.0,1937.0,12.0,4.8,98.0,109.0,859.0,28.0,38.8,12.9,-155.87
114,Baltimore Ravens,2,2019,14,2,531,282,249,15.6,0.1,8.0,16.0,187.0,88.0,47.1%,24.0,17.0,70.8%,64.0,43.0,67.2%,6.0,16.0,194.0,72.0,37.1%,18.0,6.0,33.3%,44.0,21.0,47.7%,1.0,16.0,531.0,6521.0,1064.0,6.1,15.0,7.0,386.0,289.0,440.0,3225.0,37.0,8.0,6.9,171.0,596.0,3296.0,21.0,5.5,188.0,109.0,867.0,27.0,51.8,8.4,239.99,33.2,3.0,16.0,282.0,4809.0,921.0,5.2,25.0,12.0,276.0,318.0,544.0,3315.0,15.0,13.0,5.7,163.0,340.0,1494.0,12.0,4.4,74.0,97.0,795.0,39.0,32.5,14.5,21.61
115,Minnesota Vikings,2,2019,10,6,407,303,104,6.5,-1.1,15.0,16.0,194.0,83.0,42.8%,15.0,8.0,53.3%,56.0,34.0,60.7%,22.0,16.0,214.0,85.0,39.7%,29.0,16.0,55.2%,48.0,21.0,43.8%,8.0,16.0,407.0,5656.0,970.0,5.8,20.0,12.0,314.0,319.0,466.0,3523.0,26.0,8.0,7.1,171.0,476.0,2133.0,19.0,4.5,106.0,96.0,895.0,37.0,41.6,10.4,98.01,25.4,5.0,16.0,303.0,5465.0,1053.0,5.2,31.0,14.0,324.0,394.0,601.0,3737.0,23.0,17.0,5.8,215.0,404.0,1728.0,8.0,4.3,78.0,83.0,713.0,31.0,34.7,17.3,-3.88
116,Philadelphia Eagles,1,2019,9,7,385,354,31,1.9,-1.7,1.0,16.0,229.0,104.0,45.4%,24.0,8.0,33.3%,54.0,36.0,66.7%,4.0,16.0,205.0,70.0,34.1%,18.0,11.0,61.1%,43.0,24.0,55.8%,12.0,16.0,385.0,5772.0,1104.0,5.2,23.0,15.0,354.0,391.0,613.0,3833.0,27.0,8.0,5.9,215.0,454.0,1939.0,16.0,4.3,104.0,100.0,836.0,35.0,34.8,10.7,59.85,24.1,15.0,16.0,354.0,5307.0,967.0,5.5,20.0,9.0,289.0,348.0,571.0,3865.0,27.0,11.0,6.3,185.0,353.0,1442.0,13.0,4.1,76.0,115.0,959.0,28.0,33.5,10.1,-24.57
117,New Orleans Saints,1,2019,13,3,458,341,117,7.3,0.0,16.0,16.0,192.0,81.0,42.2%,13.0,5.0,38.5%,57.0,34.0,59.6%,7.0,16.0,210.0,73.0,34.8%,25.0,11.0,44.0%,47.0,28.0,59.6%,4.0,16.0,458.0,5982.0,1011.0,5.9,8.0,2.0,347.0,418.0,581.0,4244.0,36.0,6.0,7.0,230.0,405.0,1738.0,12.0,4.3,97.0,120.0,1036.0,20.0,46.2,4.0,163.04,28.6,13.0,16.0,341.0,5329.0,999.0,5.3,23.0,10.0,311.0,371.0,603.0,3868.0,27.0,13.0,5.9,197.0,345.0,1461.0,12.0,4.2,71.0,92.0,713.0,43.0,35.1,12.6,-38.89
118,New England Patriots,1,2019,12,4,420,225,195,12.2,-1.8,10.0,16.0,227.0,87.0,38.3%,15.0,6.0,40.0%,60.0,30.0,50.0%,1.0,16.0,195.0,47.0,24.1%,22.0,8.0,36.4%,29.0,14.0,48.3%,7.0,16.0,420.0,5664.0,1095.0,5.2,15.0,6.0,338.0,378.0,620.0,3961.0,25.0,9.0,6.1,197.0,447.0,1703.0,17.0,3.8,110.0,94.0,828.0,31.0,36.3,7.4,34.62,26.3,1.0,16.0,225.0,4414.0,948.0,4.7,36.0,11.0,261.0,303.0,536.0,2886.0,13.0,25.0,5.0,150.0,365.0,1528.0,7.0,4.2,72.0,107.0,920.0,39.0,19.1,17.0,166.75
119,Buffalo Bills,1,2019,10,6,314,259,55,3.4,-1.3,21.0,16.0,212.0,76.0,35.8%,18.0,8.0,44.4%,44.0,25.0,56.8%,15.0,16.0,212.0,76.0,35.8%,21.0,8.0,38.1%,43.0,24.0,55.8%,23.0,16.0,314.0,5283.0,1018.0,5.2,19.0,7.0,314.0,299.0,513.0,3229.0,21.0,12.0,5.8,162.0,465.0,2054.0,13.0,4.4,120.0,117.0,927.0,32.0,30.1,10.2,6.66,19.6,2.0,16.0,259.0,4772.0,985.0,4.8,23.0,9.0,295.0,348.0,553.0,3123.0,15.0,14.0,5.2,169.0,388.0,1649.0,12.0,4.3,93.0,94.0,815.0,33.0,23.6,12.1,48.85
120,Tampa Bay Buccaneers,5,2020,11,5,492,355,137,8.6,0.8,17.0,16.0,191.0,83.0,43.5%,14.0,8.0,57.1%,61.0,42.0,68.9%,16.0,16.0,205.0,82.0,40.0%,25.0,14.0,56.0%,51.0,32.0,62.7%,3.0,16.0,492.0,6145.0,1017.0,6.0,17.0,5.0,364.0,410.0,626.0,4626.0,42.0,12.0,7.1,238.0,369.0,1519.0,16.0,4.1,82.0,84.0,715.0,44.0,47.8,8.9,246.24,30.8,8.0,16.0,355.0,5234.0,1023.0,5.1,25.0,10.0,319.0,426.0,617.0,3945.0,29.0,15.0,5.9,215.0,358.0,1289.0,10.0,3.6,78.0,95.0,1015.0,26.0,33.7,14.0,-22.04
121,Kansas City Chiefs,4,2020,14,2,473,362,111,6.9,-0.1,6.0,16.0,194.0,95.0,49.0%,16.0,9.0,56.3%,59.0,36.0,61.0%,9.0,16.0,188.0,77.0,41.0%,20.0,13.0,65.0%,47.0,36.0,76.6%,6.0,16.0,473.0,6653.0,1057.0,6.3,16.0,9.0,397.0,420.0,630.0,4854.0,40.0,7.0,7.4,255.0,403.0,1799.0,13.0,4.5,110.0,105.0,919.0,32.0,47.9,9.2,280.82,29.6,11.0,16.0,362.0,5733.0,1022.0,5.6,22.0,6.0,353.0,349.0,557.0,3779.0,29.0,16.0,6.4,202.0,433.0,1954.0,14.0,4.5,113.0,97.0,760.0,38.0,36.1,13.0,-127.89
122,Green Bay Packers,3,2020,13,3,509,369,140,8.8,-1.1,10.0,16.0,180.0,89.0,49.4%,21.0,13.0,61.9%,60.0,48.0,80.0%,5.0,16.0,185.0,73.0,39.5%,24.0,14.0,58.3%,52.0,30.0,57.7%,1.0,16.0,509.0,6224.0,990.0,6.3,11.0,6.0,358.0,372.0,526.0,4106.0,48.0,5.0,7.5,216.0,443.0,2118.0,16.0,4.8,114.0,84.0,684.0,28.0,49.7,5.6,290.75,31.8,13.0,16.0,369.0,5344.0,974.0,5.5,18.0,7.0,332.0,346.0,536.0,3539.0,23.0,11.0,6.1,184.0,397.0,1805.0,16.0,4.5,119.0,79.0,734.0,29.0,39.9,11.4,-109.67
123,Buffalo Bills,3,2020,13,3,501,375,126,7.9,-0.2,7.0,16.0,187.0,93.0,49.7%,10.0,8.0,80.0%,68.0,42.0,61.8%,7.0,16.0,191.0,76.0,39.8%,19.0,11.0,57.9%,58.0,38.0,65.5%,2.0,16.0,501.0,6343.0,1034.0,6.1,22.0,11.0,397.0,410.0,596.0,4620.0,40.0,11.0,7.4,240.0,411.0,1723.0,16.0,4.2,119.0,102.0,941.0,38.0,49.4,11.8,228.66,31.3,16.0,16.0,375.0,5640.0,1025.0,5.5,26.0,11.0,351.0,369.0,573.0,3726.0,23.0,15.0,6.1,199.0,414.0,1914.0,21.0,4.6,125.0,86.0,728.0,27.0,39.4,15.3,-123.1
124,New Orleans Saints,2,2020,12,4,482,337,145,9.1,0.5,8.0,16.0,208.0,93.0,44.7%,16.0,11.0,68.8%,68.0,49.0,72.1%,10.0,16.0,207.0,79.0,38.2%,30.0,16.0,53.3%,50.0,34.0,68.0%,5.0,16.0,482.0,6023.0,1045.0,5.8,17.0,9.0,367.0,370.0,522.0,3758.0,28.0,8.0,6.8,199.0,494.0,2265.0,30.0,4.6,147.0,98.0,1005.0,21.0,45.5,9.0,176.94,30.1,5.0,16.0,337.0,4974.0,992.0,5.0,26.0,8.0,320.0,333.0,557.0,3472.0,28.0,18.0,5.8,185.0,390.0,1502.0,11.0,3.9,85.0,64.0,517.0,50.0,34.7,13.1,-40.02
125,Cleveland Browns,2,2020,11,5,408,419,-11,-0.7,-1.9,12.0,16.0,196.0,88.0,44.9%,24.0,8.0,33.3%,53.0,39.0,73.6%,23.0,16.0,205.0,90.0,43.9%,27.0,22.0,81.5%,61.0,37.0,60.7%,14.0,16.0,408.0,5913.0,1022.0,5.8,16.0,8.0,355.0,315.0,501.0,3539.0,27.0,8.0,6.7,195.0,495.0,2374.0,21.0,4.8,133.0,100.0,870.0,27.0,40.6,9.7,159.48,25.5,21.0,16.0,419.0,5735.0,1035.0,5.5,21.0,10.0,352.0,371.0,585.0,3962.0,31.0,11.0,6.4,214.0,412.0,1773.0,16.0,4.3,116.0,84.0,690.0,22.0,43.0,12.7,-150.42
126,Baltimore Ravens,2,2020,11,5,468,303,165,10.3,-2.0,1.0,16.0,207.0,101.0,48.8%,19.0,12.0,63.2%,60.0,38.0,63.3%,2.0,16.0,191.0,65.0,34.0%,35.0,16.0,45.7%,45.0,28.0,62.2%,7.0,16.0,468.0,5810.0,993.0,5.9,18.0,7.0,327.0,257.0,406.0,2739.0,27.0,11.0,6.3,142.0,555.0,3071.0,24.0,5.5,166.0,104.0,961.0,19.0,45.3,10.6,148.3,29.3,2.0,16.0,303.0,5276.0,1017.0,5.2,22.0,12.0,347.0,380.0,596.0,3536.0,22.0,10.0,5.6,213.0,382.0,1740.0,12.0,4.6,96.0,77.0,646.0,38.0,30.0,12.4,-17.69
127,Los Angeles Rams,2,2020,10,6,372,296,76,4.8,0.7,3.0,16.0,226.0,98.0,43.4%,17.0,8.0,47.1%,57.0,33.0,57.9%,6.0,16.0,209.0,74.0,35.4%,21.0,9.0,42.9%,46.0,27.0,58.7%,22.0,16.0,372.0,6032.0,1088.0,5.5,25.0,11.0,352.0,392.0,590.0,4014.0,20.0,14.0,6.5,206.0,473.0,2018.0,19.0,4.3,123.0,71.0,655.0,23.0,34.2,12.5,57.24,23.3,1.0,16.0,296.0,4511.0,989.0,4.6,22.0,8.0,280.0,347.0,548.0,3051.0,17.0,14.0,5.1,170.0,388.0,1460.0,12.0,3.8,91.0,78.0,582.0,19.0,27.9,12.0,85.89
128,Tennessee Titans,1,2020,11,5,491,439,52,3.3,-1.7,15.0,16.0,182.0,84.0,46.2%,16.0,10.0,62.5%,64.0,48.0,75.0%,32.0,16.0,214.0,111.0,51.9%,26.0,15.0,57.7%,65.0,45.0,69.2%,4.0,16.0,491.0,6343.0,1031.0,6.2,12.0,5.0,381.0,316.0,485.0,3653.0,33.0,7.0,7.2,203.0,521.0,2690.0,26.0,5.2,142.0,86.0,783.0,36.0,47.9,7.2,245.01,30.7,24.0,16.0,439.0,6372.0,1076.0,5.9,23.0,8.0,391.0,423.0,630.0,4439.0,36.0,15.0,6.8,247.0,427.0,1933.0,18.0,4.5,113.0,103.0,840.0,31.0,45.2,13.3,-185.2
129,Chicago Bears,1,2020,8,8,372,370,2,0.1,0.1,31.0,16.0,205.0,71.0,34.6%,28.0,17.0,60.7%,55.0,31.0,56.4%,13.0,16.0,210.0,80.0,38.1%,22.0,13.0,59.1%,53.0,29.0,54.7%,23.0,16.0,372.0,5302.0,1043.0,5.1,22.0,6.0,335.0,402.0,614.0,3655.0,26.0,16.0,5.6,218.0,393.0,1647.0,12.0,4.2,93.0,88.0,777.0,24.0,38.9,12.0,34.92,23.3,14.0,16.0,370.0,5519.0,1020.0,5.4,18.0,8.0,331.0,350.0,547.0,3705.0,28.0,10.0,6.4,190.0,438.0,1814.0,11.0,4.1,104.0,95.0,861.0,37.0,38.0,8.9,-90.3
130,Pittsburgh Steelers,1,2020,12,4,416,312,104,6.5,-1.8,5.0,16.0,230.0,97.0,42.2%,19.0,10.0,52.6%,52.0,33.0,63.5%,17.0,16.0,222.0,83.0,37.4%,20.0,5.0,25.0%,45.0,25.0,55.6%,12.0,16.0,416.0,5354.0,1043.0,5.1,18.0,7.0,322.0,428.0,656.0,4003.0,35.0,11.0,6.0,206.0,373.0,1351.0,12.0,3.6,81.0,81.0,691.0,35.0,37.2,8.5,78.22,26.0,3.0,16.0,312.0,4893.0,996.0,4.9,27.0,9.0,281.0,298.0,526.0,3110.0,22.0,18.0,5.3,163.0,414.0,1783.0,13.0,4.3,94.0,103.0,980.0,24.0,29.3,13.8,33.24
131,Washington Football Team,1,2020,7,9,335,329,6,0.4,-1.2,11.0,16.0,225.0,88.0,39.1%,19.0,11.0,57.9%,47.0,27.0,57.4%,15.0,16.0,216.0,81.0,37.5%,24.0,9.0,37.5%,43.0,23.0,53.5%,25.0,16.0,335.0,5076.0,1051.0,4.8,27.0,11.0,322.0,389.0,601.0,3465.0,16.0,16.0,5.3,184.0,400.0,1611.0,18.0,4.0,108.0,87.0,697.0,30.0,33.3,13.1,-10.43,20.9,4.0,16.0,329.0,4873.0,1004.0,4.9,23.0,7.0,289.0,330.0,529.0,3068.0,21.0,16.0,5.3,161.0,428.0,1805.0,14.0,4.2,100.0,85.0,708.0,28.0,31.4,12.2,32.51
132,Seattle Seahawks,1,2020,12,4,459,371,88,5.5,0.0,27.0,16.0,189.0,76.0,40.2%,14.0,8.0,57.1%,56.0,41.0,73.2%,31.0,16.0,223.0,105.0,47.1%,23.0,10.0,43.5%,56.0,35.0,62.5%,8.0,16.0,459.0,5912.0,1022.0,5.8,18.0,5.0,356.0,388.0,563.0,3941.0,40.0,13.0,6.5,216.0,411.0,1971.0,15.0,4.8,111.0,84.0,662.0,29.0,44.4,10.1,129.24,28.7,15.0,16.0,371.0,6089.0,1112.0,5.5,22.0,8.0,376.0,450.0,674.0,4560.0,23.0,14.0,6.3,253.0,392.0,1529.0,18.0,3.9,97.0,94.0,803.0,26.0,40.0,12.0,-85.81
133,Indianapolis Colts,1,2020,11,5,451,362,89,5.6,-2.8,23.0,16.0,197.0,78.0,39.6%,26.0,16.0,61.5%,60.0,35.0,58.3%,19.0,16.0,203.0,86.0,42.4%,14.0,6.0,42.9%,52.0,32.0,61.5%,9.0,16.0,451.0,6049.0,1032.0,5.9,15.0,4.0,364.0,371.0,552.0,4053.0,24.0,11.0,7.1,201.0,459.0,1996.0,20.0,4.3,129.0,94.0,899.0,34.0,44.4,8.8,168.41,28.2,10.0,16.0,362.0,5314.0,992.0,5.4,25.0,10.0,329.0,369.0,562.0,3866.0,24.0,15.0,6.4,203.0,390.0,1448.0,16.0,3.7,94.0,86.0,755.0,32.0,35.1,14.3,-75.62
134,Los Angeles Rams,5,2021,12,5,460,372,88,5.2,0.1,13.0,17.0,205.0,90.0,43.9%,19.0,10.0,52.6%,70.0,42.0,60.0%,23.0,17.0,223.0,92.0,41.3%,32.0,17.0,53.1%,56.0,29.0,51.8%,8.0,17.0,460.0,6325.0,1058.0,6.0,23.0,5.0,355.0,406.0,607.0,4642.0,41.0,18.0,7.3,233.0,420.0,1683.0,10.0,4.0,99.0,76.0,637.0,23.0,45.9,12.2,161.53,27.1,15.0,17.0,372.0,5863.0,1118.0,5.2,25.0,6.0,347.0,416.0,625.0,4109.0,17.0,19.0,6.1,214.0,443.0,1754.0,18.0,4.0,111.0,88.0,688.0,22.0,35.9,13.3,-17.07
135,Cincinnati Bengals,4,2021,10,7,460,376,84,4.9,-1.9,22.0,17.0,207.0,82.0,39.6%,20.0,13.0,65.0%,52.0,31.0,59.6%,22.0,17.0,221.0,92.0,41.6%,18.0,7.0,38.9%,53.0,32.0,60.4%,7.0,17.0,460.0,6145.0,1046.0,5.9,21.0,7.0,337.0,384.0,555.0,4403.0,36.0,14.0,7.2,208.0,436.0,1742.0,16.0,4.0,96.0,72.0,620.0,33.0,42.6,10.0,118.5,27.1,17.0,17.0,376.0,5964.0,1075.0,5.5,21.0,8.0,339.0,420.0,626.0,4222.0,26.0,13.0,6.3,213.0,407.0,1742.0,15.0,4.3,107.0,116.0,946.0,19.0,33.9,11.1,-45.38
136,San Francisco 49ers,3,2021,10,7,427,365,62,3.6,0.1,25.0,17.0,199.0,80.0,40.2%,20.0,10.0,50.0%,54.0,36.0,66.7%,16.0,17.0,220.0,88.0,40.0%,25.0,11.0,44.0%,60.0,34.0,56.7%,13.0,17.0,427.0,6387.0,1046.0,6.1,24.0,10.0,361.0,343.0,514.0,4221.0,26.0,14.0,7.7,200.0,499.0,2166.0,22.0,4.3,130.0,102.0,1066.0,31.0,41.2,11.5,130.03,25.1,9.0,17.0,365.0,5270.0,1032.0,5.1,20.0,11.0,318.0,372.0,545.0,3510.0,25.0,9.0,5.9,180.0,439.0,1760.0,17.0,4.0,97.0,94.0,793.0,41.0,34.4,9.3,-52.77
137,Kansas City Chiefs,3,2021,12,5,480,364,116,6.8,0.6,1.0,17.0,205.0,107.0,52.2%,15.0,10.0,66.7%,69.0,41.0,59.4%,8.0,17.0,199.0,80.0,40.2%,31.0,19.0,61.3%,56.0,32.0,57.1%,4.0,17.0,480.0,6746.0,1134.0,5.9,25.0,12.0,419.0,448.0,675.0,4791.0,37.0,13.0,6.8,267.0,431.0,1955.0,16.0,4.5,119.0,111.0,925.0,33.0,48.2,13.7,261.77,28.2,8.0,17.0,364.0,6272.0,1060.0,5.9,29.0,14.0,363.0,401.0,610.0,4273.0,27.0,15.0,6.7,209.0,419.0,1999.0,15.0,4.8,121.0,116.0,911.0,33.0,37.3,16.0,-131.68
138,Tampa Bay Buccaneers,2,2021,13,4,511,353,158,9.3,-0.7,2.0,17.0,223.0,105.0,47.1%,16.0,9.0,56.3%,68.0,45.0,66.2%,14.0,17.0,226.0,87.0,38.5%,28.0,13.0,46.4%,59.0,31.0,52.5%,2.0,17.0,511.0,6901.0,1139.0,6.1,19.0,7.0,404.0,492.0,731.0,5229.0,43.0,12.0,6.9,273.0,385.0,1672.0,18.0,4.3,106.0,97.0,874.0,25.0,44.3,9.8,216.14,30.1,5.0,17.0,353.0,5635.0,1093.0,5.2,29.0,12.0,344.0,445.0,680.0,4062.0,26.0,17.0,5.6,214.0,366.0,1573.0,11.0,4.3,94.0,79.0,635.0,36.0,33.5,14.7,-0.6
139,Buffalo Bills,2,2021,11,6,483,289,194,11.4,-1.6,3.0,17.0,222.0,103.0,46.4%,22.0,11.0,50.0%,77.0,48.0,62.3%,1.0,17.0,214.0,66.0,30.8%,35.0,16.0,45.7%,45.0,23.0,51.1%,3.0,17.0,483.0,6493.0,1143.0,5.7,22.0,6.0,398.0,415.0,655.0,4284.0,36.0,16.0,6.3,236.0,461.0,2209.0,20.0,4.8,134.0,113.0,980.0,28.0,45.2,11.3,216.68,28.4,1.0,17.0,289.0,4637.0,1014.0,4.6,30.0,11.0,285.0,297.0,530.0,2771.0,12.0,19.0,4.8,138.0,442.0,1866.0,19.0,4.2,108.0,102.0,844.0,39.0,28.0,14.5,36.13
140,Green Bay Packers,2,2021,13,4,450,371,79,4.6,-0.2,14.0,17.0,202.0,88.0,43.6%,22.0,13.0,59.1%,70.0,41.0,58.6%,15.0,17.0,203.0,87.0,42.9%,33.0,15.0,45.5%,49.0,33.0,67.3%,10.0,17.0,450.0,6215.0,1072.0,5.8,13.0,6.0,375.0,402.0,593.0,4315.0,39.0,7.0,6.9,235.0,446.0,1900.0,13.0,4.3,109.0,69.0,678.0,31.0,44.5,6.4,180.42,26.5,13.0,17.0,371.0,5579.0,1037.0,5.4,26.0,8.0,337.0,379.0,603.0,3724.0,31.0,18.0,5.8,194.0,395.0,1855.0,13.0,4.7,120.0,88.0,718.0,23.0,36.6,14.0,-55.57
141,Tennessee Titans,2,2021,12,5,419,354,65,3.8,-0.4,4.0,17.0,236.0,103.0,43.6%,24.0,15.0,62.5%,61.0,39.0,63.9%,4.0,17.0,210.0,77.0,36.7%,24.0,14.0,58.3%,58.0,30.0,51.7%,15.0,17.0,419.0,5822.0,1133.0,5.1,25.0,11.0,362.0,359.0,535.0,3418.0,22.0,14.0,5.9,194.0,551.0,2404.0,23.0,4.4,134.0,103.0,973.0,34.0,38.9,13.0,79.19,24.6,6.0,17.0,354.0,5607.0,1039.0,5.4,22.0,6.0,331.0,395.0,628.0,4169.0,24.0,16.0,6.2,204.0,368.0,1438.0,14.0,3.9,90.0,118.0,1070.0,37.0,37.1,10.8,-30.56
142,Arizona Cardinals,1,2021,11,6,449,366,83,4.9,0.3,7.0,17.0,221.0,100.0,45.2%,29.0,17.0,58.6%,65.0,39.0,60.0%,7.0,17.0,207.0,79.0,38.2%,30.0,14.0,46.7%,51.0,31.0,60.8%,11.0,17.0,449.0,6352.0,1126.0,5.6,15.0,4.0,367.0,415.0,591.0,4276.0,27.0,11.0,6.8,214.0,496.0,2076.0,23.0,4.2,127.0,114.0,990.0,26.0,44.7,7.8,119.94,26.4,11.0,17.0,366.0,5597.0,1028.0,5.4,27.0,14.0,336.0,367.0,561.0,3645.0,30.0,13.0,6.1,192.0,426.0,1952.0,10.0,4.6,109.0,100.0,896.0,35.0,35.6,15.3,-19.46
143,Philadelphia Eagles,1,2021,9,8,444,385,59,3.5,-1.0,5.0,17.0,221.0,101.0,45.7%,24.0,11.0,45.8%,61.0,38.0,62.3%,25.0,17.0,217.0,93.0,42.9%,29.0,14.0,48.3%,60.0,40.0,66.7%,12.0,17.0,444.0,6119.0,1075.0,5.7,16.0,6.0,352.0,307.0,494.0,3404.0,20.0,10.0,6.5,167.0,550.0,2715.0,25.0,4.9,163.0,107.0,842.0,22.0,43.4,9.2,113.05,26.1,18.0,17.0,385.0,5590.0,1076.0,5.2,16.0,4.0,358.0,409.0,589.0,3756.0,28.0,12.0,6.1,208.0,458.0,1834.0,18.0,4.0,115.0,92.0,824.0,35.0,37.2,8.9,-73.93
144,Dallas Cowboys,1,2021,12,5,530,358,172,10.1,-0.2,8.0,17.0,228.0,99.0,43.4%,24.0,14.0,58.3%,65.0,41.0,63.1%,3.0,17.0,223.0,76.0,34.1%,26.0,16.0,61.5%,47.0,28.0,59.6%,1.0,17.0,530.0,6919.0,1153.0,6.0,20.0,9.0,390.0,444.0,647.0,4800.0,40.0,11.0,7.1,248.0,473.0,2119.0,15.0,4.5,111.0,127.0,1103.0,31.0,43.8,9.9,158.06,31.2,7.0,17.0,358.0,5967.0,1082.0,5.5,34.0,8.0,327.0,364.0,612.0,4049.0,24.0,26.0,6.2,191.0,429.0,1918.0,13.0,4.5,99.0,121.0,973.0,37.0,32.5,16.7,21.81
145,Pittsburgh Steelers,1,2021,9,7,343,398,-55,-3.2,0.8,11.0,17.0,239.0,93.0,38.9%,21.0,10.0,47.6%,50.0,27.0,54.0%,13.0,17.0,232.0,86.0,37.1%,24.0,13.0,54.2%,59.0,30.0,50.8%,21.0,17.0,343.0,5361.0,1113.0,4.8,20.0,9.0,323.0,425.0,664.0,3778.0,23.0,11.0,5.4,204.0,411.0,1583.0,10.0,3.9,85.0,106.0,831.0,34.0,34.7,9.5,-14.49,20.2,20.0,17.0,398.0,6139.0,1116.0,5.5,22.0,9.0,354.0,355.0,563.0,3656.0,24.0,13.0,5.9,186.0,498.0,2483.0,17.0,5.0,144.0,123.0,1017.0,24.0,38.7,10.8,-55.8
146,Las Vegas Raiders,1,2021,10,7,374,439,-65,-3.8,0.6,28.0,17.0,206.0,77.0,37.4%,19.0,12.0,63.2%,60.0,31.0,51.7%,21.0,17.0,230.0,91.0,39.6%,29.0,21.0,72.4%,43.0,35.0,81.4%,18.0,17.0,374.0,6184.0,1082.0,5.7,24.0,10.0,349.0,429.0,628.0,4567.0,23.0,14.0,6.8,217.0,414.0,1617.0,14.0,3.9,95.0,124.0,1104.0,37.0,41.0,12.8,77.89,22.0,26.0,17.0,439.0,5732.0,1103.0,5.2,15.0,9.0,349.0,400.0,606.0,3789.0,29.0,6.0,5.9,202.0,462.0,1943.0,18.0,4.2,109.0,99.0,1021.0,38.0,41.6,7.3,-138.31
147,New England Patriots,1,2021,10,7,462,303,159,9.4,-0.9,12.0,17.0,209.0,91.0,43.5%,17.0,11.0,64.7%,63.0,39.0,61.9%,5.0,17.0,211.0,77.0,36.5%,32.0,17.0,53.1%,48.0,23.0,47.9%,6.0,17.0,462.0,6008.0,1052.0,5.7,23.0,10.0,362.0,364.0,535.0,3857.0,24.0,13.0,6.9,187.0,489.0,2151.0,24.0,4.4,139.0,95.0,854.0,36.0,48.0,12.6,126.97,27.2,2.0,17.0,303.0,5284.0,1038.0,5.1,30.0,7.0,308.0,319.0,538.0,3181.0,21.0,23.0,5.5,176.0,464.0,2103.0,9.0,4.5,111.0,100.0,831.0,21.0,29.4,16.9,-4.84
148,Kansas City Chiefs,5,2022,14,3,496,369,127,7.5,-1.2,8.0,17.0,193.0,94.0,48.7%,12.0,9.0,75.0%,72.0,50.0,69.4%,13.0,17.0,222.0,85.0,38.3%,35.0,20.0,57.1%,55.0,37.0,67.3%,1.0,17.0,496.0,7032.0,1094.0,6.4,23.0,11.0,408.0,435.0,651.0,5062.0,41.0,12.0,7.5,272.0,417.0,1970.0,18.0,4.7,105.0,87.0,838.0,31.0,46.4,10.1,281.0,29.2,16.0,17.0,369.0,5579.0,1093.0,5.1,20.0,9.0,337.0,408.0,619.0,3756.0,33.0,11.0,5.6,207.0,419.0,1823.0,10.0,4.4,102.0,98.0,734.0,28.0,35.9,10.3,-65.59
149,Philadelphia Eagles,4,2022,14,3,477,344,133,7.8,-1.3,4.0,17.0,222.0,102.0,45.9%,32.0,22.0,68.8%,59.0,40.0,67.8%,19.0,17.0,223.0,86.0,38.6%,25.0,15.0,60.0%,55.0,29.0,52.7%,2.0,17.0,477.0,6614.0,1124.0,5.9,19.0,10.0,385.0,350.0,536.0,4105.0,25.0,9.0,7.1,195.0,544.0,2509.0,32.0,4.6,161.0,90.0,682.0,29.0,42.5,10.2,226.96,28.1,8.0,17.0,344.0,5125.0,1072.0,4.8,27.0,10.0,325.0,350.0,556.0,3057.0,22.0,17.0,4.9,186.0,446.0,2068.0,15.0,4.6,115.0,95.0,798.0,24.0,32.4,15.1,20.73
150,San Francisco 49ers,3,2022,13,4,450,277,173,10.2,-2.3,6.0,17.0,211.0,95.0,45.0%,17.0,7.0,41.2%,63.0,34.0,54.0%,14.0,17.0,218.0,85.0,39.0%,25.0,10.0,40.0%,37.0,21.0,56.8%,6.0,17.0,450.0,6216.0,1047.0,5.9,17.0,8.0,347.0,338.0,512.0,3856.0,30.0,9.0,7.1,188.0,504.0,2360.0,20.0,4.7,132.0,94.0,730.0,27.0,41.4,9.1,161.29,26.5,1.0,17.0,277.0,5110.0,1026.0,5.0,30.0,10.0,291.0,389.0,593.0,3789.0,20.0,20.0,5.9,188.0,389.0,1321.0,11.0,3.4,77.0,96.0,832.0,26.0,25.7,15.3,56.26
151,Cincinnati Bengals,3,2022,12,4,418,322,96,6.0,0.9,7.0,16.0,206.0,95.0,46.1%,12.0,3.0,25.0%,57.0,37.0,64.9%,11.0,16.0,212.0,84.0,39.6%,23.0,9.0,39.1%,50.0,26.0,52.0%,8.0,16.0,418.0,5768.0,1053.0,5.5,18.0,6.0,357.0,418.0,610.0,4240.0,35.0,12.0,6.5,221.0,399.0,1528.0,14.0,3.8,96.0,81.0,623.0,40.0,41.5,9.7,147.62,26.1,5.0,16.0,322.0,5371.0,996.0,5.4,24.0,11.0,295.0,329.0,559.0,3665.0,17.0,13.0,6.2,173.0,407.0,1706.0,12.0,4.2,102.0,100.0,832.0,20.0,36.4,13.1,-20.02
152,Dallas Cowboys,2,2022,12,5,467,342,125,7.4,-0.8,3.0,17.0,231.0,105.0,45.5%,19.0,10.0,52.6%,56.0,40.0,71.4%,22.0,17.0,231.0,87.0,37.7%,22.0,12.0,54.5%,50.0,26.0,52.0%,3.0,17.0,467.0,6034.0,1114.0,5.4,23.0,5.0,347.0,355.0,556.0,3736.0,28.0,18.0,6.4,194.0,531.0,2298.0,24.0,4.3,129.0,104.0,842.0,24.0,41.5,10.8,112.34,27.5,6.0,17.0,342.0,5613.0,1101.0,5.1,33.0,17.0,327.0,345.0,550.0,3415.0,23.0,16.0,5.7,174.0,497.0,2198.0,9.0,4.4,119.0,98.0,851.0,34.0,33.5,16.2,31.77
153,Buffalo Bills,2,2022,13,3,455,286,169,10.6,0.4,5.0,16.0,193.0,97.0,50.3%,13.0,7.0,53.8%,58.0,35.0,60.3%,7.0,16.0,208.0,78.0,37.5%,33.0,19.0,57.6%,49.0,22.0,44.9%,4.0,16.0,455.0,6361.0,1037.0,6.1,27.0,13.0,367.0,361.0,574.0,4129.0,35.0,14.0,6.8,212.0,430.0,2232.0,15.0,5.2,128.0,92.0,709.0,27.0,45.0,15.2,157.46,28.4,2.0,16.0,286.0,5106.0,997.0,5.1,27.0,10.0,313.0,362.0,570.0,3433.0,21.0,17.0,5.6,181.0,387.0,1673.0,10.0,4.3,103.0,89.0,754.0,29.0,31.0,14.3,4.46
154,New York Giants,2,2022,9,7,365,371,-6,-0.4,0.0,25.0,17.0,212.0,78.0,36.8%,21.0,10.0,47.6%,49.0,31.0,63.3%,2.0,17.0,205.0,72.0,35.1%,17.0,11.0,64.7%,63.0,31.0,49.2%,16.0,17.0,365.0,5676.0,1089.0,5.2,16.0,10.0,352.0,346.0,520.0,3157.0,17.0,6.0,5.5,170.0,520.0,2519.0,21.0,4.8,150.0,106.0,827.0,32.0,37.3,7.3,78.05,21.5,18.0,17.0,371.0,6089.0,1078.0,5.6,19.0,13.0,370.0,349.0,568.0,3638.0,21.0,6.0,6.0,200.0,469.0,2451.0,16.0,5.2,134.0,111.0,819.0,36.0,39.8,8.8,-125.22
155,Jacksonville Jaguars,2,2022,9,8,404,350,54,3.2,-1.4,13.0,17.0,215.0,90.0,41.9%,27.0,14.0,51.9%,58.0,31.0,53.4%,26.0,17.0,220.0,95.0,43.2%,31.0,10.0,32.3%,52.0,31.0,59.6%,10.0,17.0,404.0,6075.0,1072.0,5.7,22.0,13.0,352.0,394.0,596.0,3959.0,25.0,9.0,6.3,208.0,448.0,2116.0,16.0,4.7,114.0,90.0,674.0,30.0,39.2,12.2,103.21,23.8,12.0,17.0,350.0,6006.0,1106.0,5.4,27.0,13.0,350.0,385.0,601.0,4055.0,25.0,14.0,6.4,211.0,470.0,1951.0,14.0,4.2,114.0,90.0,683.0,25.0,36.1,14.4,-52.27
156,Tampa Bay Buccaneers,1,2022,8,9,313,358,-45,-2.6,0.4,10.0,17.0,246.0,92.0,37.4%,27.0,15.0,55.6%,50.0,26.0,52.0%,21.0,17.0,236.0,87.0,36.9%,24.0,14.0,58.3%,48.0,30.0,62.5%,25.0,17.0,313.0,5894.0,1159.0,5.1,22.0,12.0,346.0,499.0,751.0,4586.0,26.0,10.0,5.9,240.0,386.0,1308.0,5.0,3.4,79.0,99.0,793.0,27.0,32.0,10.3,1.03,18.4,13.0,17.0,358.0,5513.0,1073.0,5.1,20.0,10.0,314.0,364.0,570.0,3461.0,29.0,10.0,5.6,186.0,458.0,2052.0,12.0,4.5,103.0,97.0,863.0,25.0,33.0,10.2,-36.51
157,Minnesota Vikings,1,2022,13,4,424,427,-3,-0.2,0.1,9.0,17.0,226.0,93.0,41.2%,19.0,9.0,47.4%,64.0,40.0,62.5%,9.0,17.0,215.0,82.0,38.1%,29.0,11.0,37.9%,49.0,28.0,57.1%,7.0,17.0,424.0,6145.0,1123.0,5.5,23.0,8.0,382.0,448.0,672.0,4484.0,30.0,15.0,6.2,244.0,404.0,1661.0,18.0,4.1,93.0,88.0,684.0,45.0,36.0,11.7,89.64,24.9,28.0,17.0,427.0,6608.0,1118.0,5.9,25.0,10.0,359.0,408.0,617.0,4515.0,23.0,15.0,6.9,224.0,463.0,2093.0,18.0,4.5,113.0,111.0,926.0,22.0,41.1,12.0,-104.0
158,Baltimore Ravens,1,2022,10,7,350,315,35,2.1,1.1,11.0,17.0,218.0,91.0,41.7%,20.0,8.0,40.0%,59.0,27.0,45.8%,3.0,17.0,209.0,73.0,34.9%,24.0,15.0,62.5%,56.0,26.0,46.4%,19.0,17.0,350.0,5760.0,1052.0,5.5,21.0,8.0,337.0,300.0,488.0,3040.0,19.0,13.0,5.8,149.0,526.0,2720.0,14.0,5.2,167.0,82.0,678.0,21.0,38.9,11.7,48.17,20.6,3.0,17.0,315.0,5513.0,1047.0,5.3,25.0,11.0,323.0,394.0,593.0,3947.0,20.0,14.0,6.2,206.0,406.0,1566.0,11.0,3.9,91.0,79.0,650.0,26.0,35.8,13.9,-32.38
159,Miami Dolphins,1,2022,9,8,397,399,-2,-0.1,2.0,29.0,17.0,196.0,71.0,36.2%,24.0,13.0,54.2%,50.0,30.0,60.0%,30.0,17.0,233.0,97.0,41.6%,31.0,15.0,48.4%,59.0,35.0,59.3%,11.0,17.0,397.0,6197.0,1009.0,6.1,21.0,6.0,342.0,368.0,584.0,4511.0,30.0,15.0,7.3,220.0,390.0,1686.0,12.0,4.3,93.0,111.0,881.0,29.0,38.8,11.8,79.06,23.4,24.0,17.0,399.0,5743.0,1086.0,5.3,14.0,6.0,336.0,416.0,624.0,3992.0,27.0,8.0,6.0,200.0,422.0,1751.0,15.0,4.1,98.0,84.0,799.0,38.0,37.5,7.6,-66.41
160,Seattle Seahawks,1,2022,9,8,407,401,6,0.4,-0.8,26.0,17.0,201.0,76.0,37.8%,21.0,12.0,57.1%,55.0,26.0,47.3%,27.0,17.0,227.0,96.0,42.3%,28.0,11.0,39.3%,52.0,31.0,59.6%,9.0,17.0,407.0,5976.0,1044.0,5.7,23.0,11.0,346.0,399.0,573.0,3934.0,30.0,12.0,6.4,206.0,425.0,2042.0,12.0,4.8,106.0,106.0,854.0,34.0,40.6,11.2,63.6,23.9,25.0,17.0,401.0,6149.0,1117.0,5.5,25.0,11.0,347.0,343.0,547.0,3595.0,23.0,14.0,6.1,188.0,525.0,2554.0,21.0,4.9,130.0,98.0,818.0,29.0,37.2,12.2,-113.17
161,Los Angeles Chargers,1,2022,10,7,391,384,7,0.4,-1.3,1.0,17.0,257.0,112.0,43.6%,29.0,15.0,51.7%,62.0,33.0,53.2%,8.0,17.0,199.0,78.0,39.2%,15.0,6.0,40.0%,48.0,25.0,52.1%,13.0,17.0,391.0,6108.0,1154.0,5.3,19.0,9.0,352.0,485.0,711.0,4584.0,26.0,10.0,6.1,232.0,404.0,1524.0,15.0,3.8,93.0,81.0,635.0,27.0,38.1,9.5,75.75,23.0,21.0,17.0,384.0,5884.0,1002.0,5.9,24.0,10.0,318.0,310.0,505.0,3406.0,24.0,14.0,6.2,175.0,457.0,2478.0,17.0,5.4,119.0,80.0,762.0,24.0,37.2,11.2,-84.56
